Actual,Predicted,Severity_%,Predicted_Label
1,1,100.0,1
1,1,100.0,1
1,1,99.54,1
0,0,0.0,0
0,0,0.0,0
0,0,0.0,0
0,0,7.91,0
1,1,100.0,1
0,0,0.0,0
0,0,0.04,0
1,1,100.0,1
1,1,100.0,1
0,0,0.14,0
0,0,0.02,0
1,1,100.0,1
1,1,100.0,1
1,1,96.99,1
1,1,99.72,1
1,1,99.94,1
1,1,100.0,1
1,1,99.88,1
0,0,12.54,0
1,1,100.0,1
0,0,0.01,0
1,1,100.0,1
0,0,0.02,0
1,1,99.99,1
0,0,0.02,0
0,0,0.0,0
1,1,100.0,1
0,0,0.13,0
1,1,99.99,1
1,1,99.99,1
1,1,99.99,1
0,0,0.0,0
1,1,100.0,1
1,1,100.0,1
1,1,100.0,1
1,1,100.0,1
0,0,0.0,0
0,0,0.01,0
0,0,0.0,0
0,0,0.06,0
0,0,0.0,0
1,1,100.0,1
1,1,100.0,1
0,0,0.02,0
0,0,0.01,0
1,1,99.99,1
1,1,100.0,1
1,1,100.0,1
0,0,0.0,0
0,0,0.0,0
0,0,0.02,0
1,1,100.0,1
1,1,100.0,1
1,1,100.0,1
0,0,0.02,0
0,0,0.0,0
0,0,0.03,0
1,1,100.0,1
1,1,100.0,1
0,0,0.0,0
0,0,0.0,0
0,0,0.0,0
0,0,0.0,0
0,0,0.01,0
1,1,100.0,1
1,1,100.0,1
0,0,0.0,0
1,1,100.0,1
0,0,0.0,0
0,0,0.0,0
1,1,100.0,1
0,0,1.12,0
1,1,100.0,1
0,0,0.0,0
0,0,0.0,0
0,0,0.0,0
0,0,0.01,0
0,0,0.0,0
0,0,0.0,0
0,0,0.01,0
1,1,100.0,1
1,1,97.76,1
0,0,0.0,0
0,0,0.0,0
0,0,0.0,0
0,0,0.0,0
1,1,100.0,1
1,1,100.0,1
1,1,100.0,1
0,0,0.0,0
0,0,0.03,0
0,0,0.01,0
0,0,0.0,0
0,0,0.01,0
0,0,0.0,0
1,1,99.93,1
1,1,100.0,1
0,0,0.0,0
1,1,99.95,1
1,1,99.99,1
1,1,100.0,1
0,0,0.02,0
0,0,0.01,0
0,0,0.0,0
1,1,99.99,1
1,1,99.93,1
1,1,100.0,1
1,1,99.99,1
0,0,0.0,0
1,1,99.75,1
1,1,100.0,1
1,1,99.98,1
1,1,99.99,1
1,1,100.0,1
1,1,100.0,1
1,1,100.0,1
1,1,100.0,1
1,1,100.0,1
0,0,0.01,0
0,0,0.01,0
1,1,100.0,1
0,0,0.0,0
0,0,0.01,0
1,1,100.0,1
0,0,0.0,0
0,0,0.0,0
0,0,0.0,0
1,1,100.0,1
0,0,0.05,0
0,0,0.0,0
1,1,99.45,1
1,1,99.88,1
1,1,99.95,1
1,1,99.98,1
0,0,0.0,0
0,0,1.08,0
0,0,0.0,0
0,0,0.01,0
0,0,0.02,0
1,1,99.99,1
1,1,100.0,1
1,1,100.0,1
0,0,1.25,0
0,0,0.0,0
1,1,99.99,1
1,1,100.0,1
1,1,100.0,1
0,0,0.0,0
0,0,0.03,0
0,0,0.0,0
1,1,99.94,1
0,0,0.0,0
0,0,0.0,0
0,0,0.02,0
0,0,0.0,0
1,1,100.0,1
1,1,100.0,1
1,1,99.85,1
0,0,0.03,0
1,1,100.0,1
0,0,0.85,0
0,0,0.0,0
1,1,100.0,1
0,0,0.01,0
0,0,0.04,0
1,1,100.0,1
0,0,0.03,0
0,0,0.0,0
0,0,0.0,0
1,1,100.0,1
1,1,99.48,1
1,1,99.98,1
1,1,100.0,1
1,1,100.0,1
0,0,0.0,0
1,1,99.98,1
1,1,100.0,1
0,0,0.0,0
0,0,0.02,0
1,1,99.87,1
1,1,100.0,1
0,0,0.0,0
1,1,99.97,1
1,1,100.0,1
0,0,0.0,0
1,1,100.0,1
0,0,0.09,0
1,1,100.0,1
0,0,0.0,0
0,0,0.0,0
1,1,100.0,1
1,1,100.0,1
0,0,0.01,0
0,0,0.0,0
0,0,0.0,0
0,0,0.0,0
0,0,0.01,0
1,1,99.51,1
1,1,100.0,1
0,1,98.76,1
0,0,0.01,0
1,1,100.0,1
0,0,0.05,0
1,1,100.0,1
0,0,0.0,0
0,0,0.0,0
1,1,99.99,1
1,1,100.0,1
1,1,99.99,1
1,1,98.91,1
0,0,0.03,0
1,1,99.99,1
1,1,100.0,1
1,1,100.0,1
1,1,100.0,1
0,0,0.03,0
1,1,99.95,1
1,1,99.99,1
0,0,0.0,0
1,1,99.99,1
1,1,100.0,1
1,1,100.0,1
1,1,99.99,1
1,1,100.0,1
1,1,100.0,1
1,1,100.0,1
1,1,100.0,1
1,1,98.09,1
1,1,100.0,1
1,1,100.0,1
0,0,0.0,0
0,0,0.0,0
0,0,0.0,0
1,1,99.99,1
1,1,99.69,1
0,0,0.01,0
1,1,99.95,1
1,1,100.0,1
0,0,0.01,0
0,0,0.01,0
0,0,0.02,0
0,0,0.99,0
1,1,100.0,1
1,1,99.99,1
0,0,0.0,0
0,0,0.03,0
1,1,100.0,1
1,1,100.0,1
1,1,100.0,1
0,0,0.05,0
1,1,99.94,1
1,1,99.99,1
1,1,99.23,1
0,0,0.02,0
1,1,99.95,1
1,1,100.0,1
0,0,0.0,0
1,1,99.98,1
0,0,0.0,0
1,1,100.0,1
1,1,100.0,1
0,0,0.0,0
1,1,100.0,1
0,0,0.0,0
1,1,99.96,1
1,1,99.5,1
0,0,0.0,0
1,1,100.0,1
1,1,100.0,1
1,1,100.0,1
1,1,100.0,1
0,0,0.0,0
0,0,0.0,0
0,0,0.0,0
1,1,99.99,1
1,1,100.0,1
1,1,99.98,1
0,0,0.0,0
1,1,100.0,1
0,0,0.02,0
0,0,0.0,0
1,1,100.0,1
0,0,0.0,0
0,0,0.01,0
0,0,0.0,0
1,1,99.99,1
0,0,0.01,0
1,1,100.0,1
0,0,0.05,0
1,1,99.54,1
0,0,0.0,0
1,1,100.0,1
1,1,100.0,1
1,1,99.36,1
1,1,99.98,1
0,0,0.04,0
1,1,100.0,1
1,1,99.85,1
1,1,100.0,1
1,1,99.59,1
1,1,99.99,1
1,1,99.99,1
1,1,100.0,1
0,0,0.0,0
0,0,0.02,0
0,0,0.01,0
1,1,99.99,1
1,1,100.0,1
1,1,100.0,1
1,1,99.98,1
1,1,100.0,1
0,1,68.03,1
1,1,99.99,1
1,1,100.0,1
0,0,0.0,0
0,0,0.04,0
1,1,99.99,1
0,0,0.02,0
1,1,99.73,1
1,1,99.99,1
1,1,99.96,1
1,1,100.0,1
1,1,99.78,1
0,0,0.0,0
0,0,0.02,0
0,0,0.01,0
1,1,84.92,1
0,0,0.0,0
1,1,99.99,1
0,0,0.01,0
1,1,100.0,1
1,1,100.0,1
1,1,99.97,1
1,1,100.0,1
1,1,100.0,1
0,0,0.0,0
1,1,99.91,1
0,0,0.0,0
0,0,0.01,0
1,1,99.95,1
0,0,45.48,0
0,0,0.0,0
0,0,0.0,0
0,0,0.0,0
0,0,0.02,0
1,1,99.87,1
1,1,99.99,1
1,1,100.0,1
1,1,100.0,1
0,0,0.0,0
0,0,0.0,0
0,0,0.02,0
1,1,100.0,1
1,1,100.0,1
0,0,0.01,0
1,1,99.99,1
1,1,100.0,1
1,1,100.0,1
1,1,99.88,1
1,1,100.0,1
0,0,0.0,0
1,1,100.0,1
0,0,0.0,0
1,1,100.0,1
0,0,0.0,0
0,0,0.0,0
0,0,0.03,0
0,0,2.92,0
1,1,99.74,1
1,1,100.0,1
0,0,0.0,0
0,0,0.0,0
0,0,0.0,0
1,1,100.0,1
1,1,99.99,1
1,1,99.94,1
1,1,100.0,1
0,0,0.01,0
0,0,0.0,0
1,1,98.91,1
0,0,0.0,0
0,0,0.0,0
1,1,99.99,1
1,1,100.0,1
0,0,0.0,0
1,1,99.98,1
1,1,100.0,1
1,1,99.75,1
0,0,0.0,0
0,0,0.0,0
1,1,100.0,1
0,0,0.0,0
1,1,100.0,1
1,1,99.98,1
1,1,100.0,1
0,0,0.0,0
1,1,100.0,1
0,0,0.0,0
1,1,99.99,1
0,0,0.0,0
0,0,0.01,0
0,0,0.0,0
1,1,99.98,1
0,0,0.01,0
1,1,100.0,1
1,1,100.0,1
0,0,0.06,0
0,0,0.07,0
0,0,0.0,0
1,1,99.29,1
0,0,1.56,0
1,1,100.0,1
1,1,99.97,1
0,0,0.0,0
1,1,100.0,1
1,1,100.0,1
1,1,99.96,1
1,1,100.0,1
0,0,0.0,0
1,1,99.99,1
0,0,0.03,0
0,0,0.0,0
0,0,0.0,0
1,1,99.88,1
0,0,0.0,0
1,1,100.0,1
1,1,99.29,1
1,1,99.94,1
1,1,100.0,1
1,1,99.99,1
0,0,0.03,0
1,1,100.0,1
0,0,2.2,0
1,1,100.0,1
1,1,100.0,1
1,1,100.0,1
1,1,99.99,1
1,1,100.0,1
0,0,0.0,0
0,0,0.0,0
1,1,99.92,1
1,1,99.96,1
0,0,0.05,0
1,1,100.0,1
1,1,100.0,1
0,0,0.0,0
0,0,0.02,0
0,0,0.0,0
0,0,0.0,0
0,0,0.01,0
0,0,0.01,0
0,0,0.01,0
1,1,99.98,1
0,0,0.02,0
1,1,100.0,1
1,1,100.0,1
0,0,0.0,0
0,0,0.01,0
0,0,0.44,0
1,1,99.99,1
1,1,100.0,1
0,0,0.0,0
1,1,99.6,1
1,1,100.0,1
1,1,99.99,1
0,0,0.03,0
0,1,77.13,1
1,1,100.0,1
1,1,100.0,1
1,1,100.0,1
1,1,96.93,1
1,1,100.0,1
1,1,100.0,1
1,1,77.87,1
0,0,0.24,0
0,0,0.0,0
1,1,99.96,1
0,0,0.0,0
0,0,0.02,0
1,1,100.0,1
1,1,99.96,1
1,1,100.0,1
1,1,99.99,1
1,1,100.0,1
1,1,100.0,1
1,1,100.0,1
0,0,0.02,0
0,0,0.0,0
1,1,99.99,1
1,1,99.99,1
1,1,99.47,1
1,1,99.99,1
1,1,100.0,1
0,0,0.0,0
1,1,100.0,1
1,1,100.0,1
0,0,0.0,0
0,0,0.0,0
1,1,100.0,1
1,1,99.99,1
1,1,100.0,1
1,1,99.77,1
1,1,99.97,1
0,0,0.0,0
1,1,98.85,1
1,1,100.0,1
1,1,100.0,1
1,1,100.0,1
1,1,99.86,1
1,1,100.0,1
1,1,99.99,1
1,1,100.0,1
0,0,0.0,0
1,1,99.98,1
0,0,0.0,0
0,0,0.01,0
1,1,100.0,1
0,0,0.0,0
0,0,0.0,0
0,0,0.01,0
0,0,0.0,0
1,1,100.0,1
1,1,99.78,1
0,0,0.0,0
0,0,0.02,0
1,1,100.0,1
0,0,0.03,0
1,1,99.98,1
1,1,100.0,1
1,1,100.0,1
1,1,100.0,1
0,0,0.0,0
0,0,0.0,0
0,0,0.0,0
1,1,99.99,1
0,0,0.03,0
0,0,0.0,0
1,1,100.0,1
0,0,0.0,0
1,1,99.95,1
1,1,100.0,1
1,1,99.68,1
1,1,100.0,1
0,0,0.02,0
0,0,0.0,0
1,1,99.99,1
0,0,0.0,0
0,0,0.01,0
1,1,99.99,1
0,0,0.0,0
1,1,100.0,1
1,1,100.0,1
1,1,99.96,1
1,1,100.0,1
0,0,0.0,0
0,0,0.01,0
0,0,0.16,0
0,0,0.0,0
1,1,100.0,1
1,1,100.0,1
0,0,0.0,0
0,0,0.0,0
1,1,100.0,1
1,1,100.0,1
0,0,0.0,0
0,0,0.0,0
1,1,100.0,1
0,0,0.03,0
0,0,0.0,0
1,1,99.94,1
1,1,100.0,1
0,0,0.0,0
0,0,0.0,0
1,1,100.0,1
1,1,99.99,1
1,1,100.0,1
0,0,0.0,0
1,1,100.0,1
1,1,100.0,1
0,0,0.0,0
0,0,0.0,0
0,0,0.0,0
0,0,0.05,0
1,1,98.62,1
1,1,99.95,1
1,1,100.0,1
0,0,0.0,0
0,0,0.01,0
1,1,100.0,1
1,1,99.99,1
0,0,0.01,0
1,1,99.92,1
1,1,100.0,1
1,1,99.99,1
1,1,99.98,1
0,0,0.0,0
0,0,0.49,0
1,1,100.0,1
1,1,100.0,1
0,0,0.01,0
0,0,0.02,0
0,0,0.02,0
0,0,0.0,0
1,1,99.99,1
0,0,0.0,0
0,0,0.0,0
0,0,0.01,0
0,0,0.0,0
1,1,99.99,1
1,1,99.98,1
1,1,100.0,1
0,0,0.02,0
1,1,100.0,1
0,0,0.0,0
0,0,0.0,0
1,1,100.0,1
0,0,0.0,0
0,0,0.01,0
0,0,0.01,0
0,0,0.05,0
0,0,0.01,0
0,1,100.0,1
0,0,0.0,0
1,1,99.8,1
1,1,99.8,1
1,1,99.99,1
0,0,0.0,0
0,0,0.0,0
0,0,0.02,0
0,0,0.0,0
0,0,0.0,0
0,0,0.0,0
0,0,0.0,0
0,0,0.0,0
1,1,99.98,1
0,0,0.0,0
0,0,0.41,0
0,0,0.0,0
0,0,0.0,0
0,0,0.0,0
0,0,0.0,0
1,1,100.0,1
0,0,0.0,0
1,1,100.0,1
0,0,16.93,0
1,1,100.0,1
1,1,100.0,1
0,0,0.02,0
1,1,100.0,1
0,0,0.0,0
1,1,100.0,1
0,0,0.0,0
0,0,0.0,0
0,0,0.02,0
0,0,0.0,0
0,0,0.0,0
1,1,99.99,1
1,1,99.99,1
0,0,0.0,0
0,0,0.03,0
1,1,100.0,1
1,1,100.0,1
1,1,100.0,1
1,1,99.93,1
1,1,99.97,1
1,1,100.0,1
0,0,0.0,0
1,1,100.0,1
0,0,0.0,0
1,1,99.97,1
1,1,100.0,1
0,0,0.0,0
1,1,100.0,1
0,0,0.01,0
1,1,100.0,1
0,0,0.0,0
0,0,0.0,0
0,0,0.0,0
0,0,0.0,0
0,0,0.0,0
0,0,0.0,0
1,1,99.94,1
0,0,0.0,0
1,1,100.0,1
0,0,0.0,0
1,1,100.0,1
0,0,0.0,0
1,1,99.99,1
1,1,100.0,1
1,1,100.0,1
0,0,0.0,0
1,1,100.0,1
0,0,0.02,0
1,1,99.98,1
1,1,99.99,1
0,0,0.0,0
0,0,0.04,0
1,1,99.99,1
1,1,100.0,1
1,1,100.0,1
0,0,0.0,0
0,0,0.0,0
0,0,0.02,0
0,0,0.0,0
1,1,100.0,1
1,1,99.99,1
1,1,100.0,1
1,1,100.0,1
1,1,99.91,1
0,0,0.0,0
1,1,100.0,1
1,1,99.99,1
1,1,100.0,1
1,1,99.99,1
0,0,0.0,0
1,1,100.0,1
0,0,0.25,0
1,1,99.98,1
1,1,99.96,1
0,0,0.0,0
1,1,100.0,1
1,1,100.0,1
0,0,0.0,0
1,1,100.0,1
1,1,99.99,1
1,1,91.28,1
1,1,100.0,1
1,1,99.98,1
1,1,99.98,1
1,1,100.0,1
0,0,0.0,0
0,0,0.0,0
0,0,0.0,0
1,1,100.0,1
0,0,0.0,0
0,0,0.02,0
0,0,0.0,0
1,1,99.95,1
1,1,99.94,1
0,0,0.01,0
1,1,99.99,1
0,0,0.0,0
1,1,100.0,1
1,1,100.0,1
1,1,100.0,1
0,0,0.02,0
1,1,100.0,1
0,0,2.06,0
1,1,99.83,1
1,1,100.0,1
1,1,100.0,1
1,1,100.0,1
1,1,100.0,1
1,1,100.0,1
0,0,0.0,0
0,0,0.0,0
0,0,0.01,0
0,1,95.86,1
0,0,0.01,0
1,1,99.99,1
1,1,99.99,1
1,1,100.0,1
0,0,0.65,0
0,0,0.0,0
1,1,99.78,1
1,1,100.0,1
1,0,0.21,0
1,1,99.99,1
0,0,0.0,0
1,1,99.98,1
1,1,99.96,1
1,1,99.98,1
0,0,0.03,0
0,0,0.0,0
0,0,0.0,0
1,1,100.0,1
1,1,100.0,1
1,1,99.98,1
0,0,0.0,0
1,1,100.0,1
1,1,100.0,1
1,1,97.82,1
0,0,0.0,0
0,0,0.05,0
0,0,0.0,0
0,0,0.0,0
0,0,0.08,0
0,0,0.0,0
1,1,100.0,1
1,1,100.0,1
1,1,100.0,1
1,1,100.0,1
1,1,99.95,1
1,1,99.97,1
1,1,100.0,1
0,0,0.0,0
1,1,100.0,1
1,1,100.0,1
1,1,100.0,1
1,1,99.99,1
0,0,0.0,0
1,1,100.0,1
0,0,0.03,0
0,0,0.01,0
1,1,99.99,1
1,1,100.0,1
0,0,0.01,0
0,0,0.0,0
0,0,0.02,0
0,0,0.0,0
1,1,100.0,1
1,1,100.0,1
1,1,100.0,1
0,0,0.01,0
0,0,0.0,0
0,0,0.01,0
1,1,100.0,1
0,0,0.0,0
0,0,0.0,0
0,0,0.0,0
1,1,100.0,1
1,1,99.98,1
1,1,99.99,1
1,1,99.98,1
1,1,100.0,1
1,1,100.0,1
1,1,99.99,1
1,1,100.0,1
0,0,0.05,0
0,0,21.6,0
1,1,100.0,1
1,1,100.0,1
1,1,100.0,1
1,1,100.0,1
1,1,100.0,1
0,0,0.0,0
0,0,0.0,0
1,1,100.0,1
1,1,100.0,1
1,1,100.0,1
1,1,100.0,1
1,1,100.0,1
1,1,100.0,1
0,0,0.02,0
0,0,0.0,0
1,1,100.0,1
0,0,0.04,0
0,0,0.02,0
0,0,0.01,0
1,1,100.0,1
0,0,0.0,0
1,1,99.99,1
0,0,0.02,0
1,1,100.0,1
1,1,99.98,1
1,1,100.0,1
1,1,100.0,1
0,0,0.02,0
0,0,0.0,0
1,1,100.0,1
1,1,85.88,1
1,1,99.99,1
1,1,100.0,1
0,0,0.02,0
0,0,0.0,0
0,0,0.0,0
1,1,99.99,1
0,0,0.0,0
0,0,0.59,0
0,0,0.0,0
1,1,100.0,1
1,1,100.0,1
1,1,100.0,1
1,1,100.0,1
0,0,0.59,0
0,0,0.0,0
1,1,100.0,1
0,0,0.0,0
1,1,100.0,1
1,1,100.0,1
1,1,100.0,1
0,0,0.03,0
0,0,0.51,0
0,0,0.0,0
0,0,0.02,0
1,1,100.0,1
0,0,0.0,0
1,1,99.91,1
0,0,0.0,0
1,1,100.0,1
1,1,99.99,1
1,1,100.0,1
0,0,0.0,0
0,0,0.0,0
1,1,99.98,1
1,1,99.9,1
1,1,99.8,1
1,1,100.0,1
1,1,100.0,1
0,0,0.02,0
1,1,100.0,1
1,1,99.1,1
1,1,99.99,1
0,0,0.0,0
1,1,99.99,1
1,1,100.0,1
1,1,100.0,1
1,1,100.0,1
1,1,99.99,1
1,1,100.0,1
1,1,100.0,1
0,0,0.0,0
0,0,0.02,0
1,1,100.0,1
1,1,99.95,1
1,1,99.99,1
1,1,99.99,1
0,0,0.0,0
1,1,100.0,1
0,0,0.0,0
0,0,0.01,0
0,0,0.01,0
1,1,100.0,1
0,0,0.02,0
0,0,0.02,0
0,0,0.0,0
0,0,0.0,0
1,1,99.91,1
1,1,100.0,1
0,0,0.0,0
0,0,0.01,0
1,1,100.0,1
1,1,99.99,1
0,0,0.0,0
0,0,0.0,0
1,1,100.0,1
0,0,0.0,0
0,0,0.01,0
0,0,0.0,0
1,1,99.98,1
1,1,100.0,1
0,0,0.01,0
1,1,100.0,1
0,0,0.02,0
1,1,99.2,1
0,0,0.0,0
1,1,99.98,1
1,1,99.99,1
0,0,0.01,0
1,1,99.96,1
1,1,100.0,1
1,1,99.87,1
1,1,100.0,1
0,0,0.0,0
1,1,100.0,1
1,1,99.99,1
1,1,100.0,1
1,1,100.0,1
0,0,0.01,0
0,0,0.0,0
1,1,100.0,1
0,0,3.14,0
1,1,100.0,1
1,1,99.99,1
0,0,0.01,0
0,0,0.0,0
1,1,99.99,1
0,0,0.01,0
0,0,0.01,0
1,1,100.0,1
1,1,98.82,1
1,1,99.99,1
0,0,0.0,0
1,1,100.0,1
0,0,0.0,0
0,0,0.0,0
1,1,99.99,1
1,1,99.96,1
1,1,100.0,1
1,1,99.99,1
0,0,0.0,0
0,0,0.0,0
1,1,100.0,1
0,0,0.02,0
1,1,99.99,1
1,1,99.99,1
1,1,99.79,1
1,1,100.0,1
0,0,0.0,0
0,0,0.0,0
1,1,99.98,1
1,1,100.0,1
0,0,0.0,0
0,0,0.01,0
0,0,0.01,0
0,0,0.0,0
1,1,100.0,1
1,1,99.85,1
0,0,0.0,0
1,1,100.0,1
0,0,0.0,0
1,1,100.0,1
1,1,99.99,1
0,0,0.01,0
0,0,1.66,0
1,1,100.0,1
1,1,100.0,1
1,1,100.0,1
0,0,0.0,0
1,1,98.59,1
0,0,0.0,0
1,1,99.99,1
1,1,100.0,1
1,1,92.18,1
0,0,0.0,0
0,0,0.0,0
0,0,0.0,0
1,1,99.95,1
0,0,0.01,0
0,0,0.26,0
0,0,0.51,0
0,0,0.0,0
0,0,0.0,0
1,1,100.0,1
1,1,100.0,1
1,1,100.0,1
1,1,100.0,1
0,0,0.0,0
1,1,99.01,1
1,1,100.0,1
0,0,0.0,0
1,1,99.99,1
0,0,0.0,0
1,1,99.86,1
1,1,100.0,1
0,0,0.05,0
1,1,100.0,1
0,0,0.0,0
0,0,0.0,0
0,0,8.21,0
0,0,0.01,0
1,1,90.89,1
0,0,0.0,0
1,1,100.0,1
1,1,100.0,1
1,1,100.0,1
1,1,99.99,1
0,0,0.0,0
1,1,99.99,1
1,1,100.0,1
0,0,0.01,0
1,1,100.0,1
1,1,100.0,1
0,0,0.01,0
1,1,99.99,1
1,1,99.99,1
1,1,99.95,1
0,0,0.0,0
0,0,0.0,0
1,1,100.0,1
1,1,100.0,1
1,1,100.0,1
0,0,0.02,0
1,1,100.0,1
1,1,100.0,1
1,1,100.0,1
0,0,0.0,0
0,0,0.01,0
0,0,0.03,0
0,0,0.01,0
0,0,0.0,0
0,0,0.0,0
0,0,0.0,0
0,0,0.0,0
1,1,100.0,1
0,0,0.0,0
0,0,0.0,0
0,0,0.0,0
1,1,100.0,1
0,0,0.02,0
0,0,0.01,0
1,1,100.0,1
1,1,99.99,1
0,0,0.01,0
1,1,99.48,1
1,1,100.0,1
1,1,99.96,1
0,0,0.65,0
0,0,0.0,0
0,0,0.0,0
0,0,0.0,0
1,1,100.0,1
1,1,100.0,1
0,0,0.0,0
1,1,99.97,1
1,1,100.0,1
0,0,0.0,0
0,0,0.0,0
0,0,0.0,0
1,1,100.0,1
0,0,0.02,0
0,0,0.0,0
0,0,0.0,0
1,1,99.99,1
1,1,100.0,1
0,0,2.33,0
1,1,100.0,1
0,0,0.03,0
1,1,100.0,1
1,1,100.0,1
0,0,0.02,0
1,1,99.99,1
0,0,0.01,0
1,1,100.0,1
1,1,100.0,1
0,0,0.04,0
1,1,99.76,1
0,0,0.0,0
1,1,99.98,1
1,1,100.0,1
0,0,0.0,0
0,0,0.0,0
1,1,100.0,1
1,1,100.0,1
1,1,100.0,1
1,1,99.66,1
1,1,100.0,1
1,1,99.93,1
0,0,0.02,0
1,1,99.1,1
1,1,100.0,1
0,0,0.0,0
1,1,99.99,1
0,0,0.02,0
0,0,0.0,0
1,1,100.0,1
1,1,100.0,1
0,0,0.0,0
0,0,0.0,0
1,1,100.0,1
1,1,99.98,1
0,0,0.0,0
1,1,99.97,1
1,1,100.0,1
0,0,0.01,0
0,0,0.05,0
0,0,0.0,0
1,1,100.0,1
0,0,0.01,0
0,0,0.0,0
0,0,0.01,0
0,0,0.0,0
1,1,99.99,1
1,1,100.0,1
1,1,100.0,1
0,0,0.0,0
0,0,0.0,0
1,1,100.0,1
0,0,0.0,0
0,0,0.0,0
0,0,0.0,0
0,0,0.0,0
1,1,99.99,1
0,0,0.0,0
1,1,99.99,1
1,1,100.0,1
0,0,0.01,0
1,1,100.0,1
1,1,100.0,1
1,1,99.99,1
0,0,0.0,0
0,0,0.0,0
0,0,0.0,0
1,1,99.99,1
1,1,100.0,1
0,0,0.0,0
0,0,0.0,0
0,0,0.01,0
1,1,100.0,1
0,0,0.0,0
1,1,99.97,1
1,1,100.0,1
1,1,100.0,1
1,1,100.0,1
0,0,0.0,0
0,0,0.0,0
1,1,100.0,1
0,0,0.01,0
0,0,0.0,0
0,0,0.03,0
1,1,99.97,1
0,0,0.0,0
0,0,0.0,0
0,0,0.08,0
1,1,99.92,1
1,1,100.0,1
1,1,100.0,1
1,1,99.91,1
0,0,0.0,0
1,1,99.99,1
1,1,99.99,1
1,1,99.99,1
1,1,99.99,1
0,0,0.0,0
0,0,0.0,0
0,0,0.0,0
0,0,0.0,0
1,1,99.98,1
1,1,100.0,1
0,0,0.0,0
0,0,0.0,0
1,1,100.0,1
0,0,0.0,0
0,0,0.0,0
0,0,0.0,0
0,0,0.0,0
1,1,100.0,1
1,1,100.0,1
1,1,99.99,1
0,0,0.0,0
1,1,99.92,1
1,1,99.96,1
0,0,0.0,0
1,1,99.88,1
1,1,100.0,1
0,0,0.05,0
1,1,100.0,1
0,0,0.0,0
0,0,0.0,0
1,1,100.0,1
1,1,100.0,1
1,1,100.0,1
1,1,100.0,1
1,1,100.0,1
0,0,0.0,0
1,1,100.0,1
0,0,0.0,0
0,0,0.0,0
1,1,100.0,1
1,1,100.0,1
1,1,100.0,1
0,0,0.0,0
0,0,0.0,0
0,0,0.0,0
1,1,100.0,1
1,1,100.0,1
1,1,99.99,1
0,0,0.0,0
0,0,0.0,0
0,0,0.01,0
1,1,100.0,1
0,0,0.01,0
1,1,100.0,1
1,1,100.0,1
1,1,100.0,1
1,1,100.0,1
1,1,100.0,1
1,1,100.0,1
1,1,99.92,1
0,0,3.71,0
0,0,0.0,0
0,0,0.0,0
0,0,0.02,0
0,0,0.05,0
1,1,100.0,1
1,1,100.0,1
1,1,100.0,1
0,0,0.0,0
0,0,0.0,0
0,0,0.0,0
1,1,100.0,1
0,0,0.0,0
0,0,0.0,0
0,0,0.0,0
0,0,0.0,0
1,1,100.0,1
1,1,100.0,1
0,0,0.0,0
1,1,99.96,1
1,1,100.0,1
1,1,99.81,1
1,1,99.99,1
0,0,0.0,0
1,1,99.32,1
0,0,2.89,0
1,1,100.0,1
0,0,0.0,0
1,1,100.0,1
0,0,0.0,0
0,0,0.02,0
1,1,99.99,1
0,0,0.13,0
1,1,100.0,1
1,1,100.0,1
1,1,99.99,1
1,1,99.78,1
1,1,100.0,1
1,1,100.0,1
1,1,100.0,1
1,1,100.0,1
1,1,100.0,1
1,1,99.47,1
0,0,0.0,0
0,0,0.0,0
0,0,0.01,0
0,0,0.0,0
0,0,0.2,0
1,1,99.99,1
1,1,99.99,1
0,0,0.01,0
1,1,99.98,1
0,0,0.19,0
1,1,100.0,1
1,1,100.0,1
1,1,100.0,1
1,1,100.0,1
0,0,0.0,0
1,1,100.0,1
0,0,0.04,0
0,0,0.0,0
1,1,99.94,1
0,0,0.0,0
1,1,100.0,1
0,0,0.0,0
0,0,0.0,0
0,0,0.0,0
1,1,99.92,1
1,1,100.0,1
0,0,0.0,0
0,0,0.0,0
1,1,100.0,1
1,1,100.0,1
1,1,99.96,1
0,0,0.0,0
1,1,99.97,1
0,0,0.04,0
1,1,100.0,1
1,1,100.0,1
1,1,100.0,1
1,1,100.0,1
1,1,99.89,1
1,1,100.0,1
0,0,0.0,0
1,1,100.0,1
0,0,0.0,0
1,1,99.94,1
0,0,0.01,0
0,0,0.02,0
0,0,0.0,0
0,0,0.01,0
1,1,100.0,1
0,0,0.0,0
0,0,0.03,0
0,0,0.0,0
1,1,100.0,1
0,0,0.01,0
0,0,0.0,0
0,0,0.0,0
1,1,100.0,1
1,1,100.0,1
1,1,100.0,1
1,1,100.0,1
1,1,100.0,1
0,0,0.0,0
1,1,99.5,1
1,1,100.0,1
1,1,100.0,1
1,1,100.0,1
0,0,0.0,0
0,0,0.0,0
0,0,0.0,0
0,0,0.0,0
1,1,100.0,1
1,1,100.0,1
0,0,0.01,0
1,1,100.0,1
0,0,0.0,0
1,1,99.9,1
0,0,0.0,0
1,1,100.0,1
1,1,99.52,1
0,0,0.0,0
0,0,0.0,0
1,1,100.0,1
1,1,100.0,1
0,0,0.0,0
0,0,0.0,0
0,0,0.0,0
0,0,0.0,0
1,1,99.95,1
1,1,100.0,1
0,0,1.42,0
0,0,0.03,0
0,0,0.0,0
1,1,100.0,1
1,1,99.88,1
1,1,100.0,1
0,0,0.0,0
1,1,99.99,1
1,1,99.94,1
1,1,99.99,1
1,1,99.75,1
0,0,0.0,0
0,0,0.07,0
1,1,100.0,1
1,1,100.0,1
0,0,0.0,0
1,1,100.0,1
1,1,99.97,1
1,1,99.99,1
0,0,0.0,0
0,0,0.0,0
1,1,100.0,1
1,1,99.36,1
1,1,100.0,1
0,0,0.0,0
0,0,0.0,0
1,1,100.0,1
0,0,0.0,0
1,1,99.99,1
0,0,0.0,0
1,1,99.99,1
1,1,99.97,1
1,1,99.99,1
1,1,99.99,1
0,0,0.01,0
1,1,100.0,1
1,1,100.0,1
1,1,100.0,1
1,1,99.82,1
1,1,100.0,1
0,0,0.02,0
1,1,100.0,1
0,0,0.0,0
1,1,100.0,1
0,0,0.0,0
0,0,0.5,0
1,1,100.0,1
1,1,100.0,1
1,1,100.0,1
1,1,100.0,1
1,1,98.2,1
1,1,100.0,1
0,0,0.0,0
1,1,99.88,1
0,0,0.01,0
0,0,0.03,0
1,1,100.0,1
0,0,0.0,0
0,0,0.0,0
0,0,0.01,0
1,1,99.44,1
0,0,0.02,0
1,1,100.0,1
1,1,100.0,1
0,0,0.0,0
1,1,99.89,1
0,0,0.02,0
0,0,0.0,0
0,0,0.03,0
0,0,0.0,0
1,1,99.99,1
1,1,99.87,1
0,0,0.0,0
1,1,100.0,1
1,1,100.0,1
1,1,100.0,1
0,0,0.01,0
0,0,0.0,0
0,0,0.0,0
1,1,100.0,1
0,0,0.0,0
0,0,0.02,0
1,1,100.0,1
1,1,100.0,1
1,1,100.0,1
1,1,99.99,1
1,1,99.98,1
1,1,100.0,1
0,0,0.05,0
1,1,100.0,1
0,0,0.02,0
1,1,99.99,1
1,1,100.0,1
1,1,100.0,1
1,1,100.0,1
1,1,99.99,1
1,1,99.98,1
1,1,100.0,1
0,0,1.19,0
0,0,0.17,0
0,0,0.0,0
0,0,0.0,0
1,1,100.0,1
0,0,0.01,0
0,0,0.01,0
0,0,0.0,0
1,1,100.0,1
1,1,100.0,1
1,1,100.0,1
1,1,100.0,1
1,1,99.95,1
0,0,0.0,0
1,1,99.99,1
1,1,99.98,1
0,0,0.0,0
0,0,0.14,0
0,0,0.01,0
1,1,99.53,1
0,0,0.0,0
1,1,99.97,1
1,1,99.98,1
1,1,100.0,1
0,0,0.01,0
0,0,0.0,0
1,1,99.99,1
1,1,99.99,1
0,0,0.0,0
1,1,100.0,1
0,0,0.0,0
1,1,100.0,1
1,1,99.86,1
1,1,100.0,1
1,1,99.98,1
0,0,0.0,0
1,1,100.0,1
1,1,99.97,1
1,1,100.0,1
1,1,99.96,1
1,1,100.0,1
0,0,0.0,0
1,1,99.98,1
0,0,0.0,0
0,0,0.01,0
0,0,0.0,0
1,1,100.0,1
0,0,0.0,0
0,0,0.0,0
1,1,99.09,1
1,1,99.98,1
1,1,100.0,1
0,0,0.01,0
0,0,0.03,0
1,1,100.0,1
1,1,100.0,1
1,1,99.64,1
0,0,0.0,0
1,1,99.99,1
0,0,0.05,0
1,1,100.0,1
0,0,0.01,0
1,1,100.0,1
1,1,100.0,1
1,1,99.99,1
1,1,99.99,1
1,1,100.0,1
1,1,99.99,1
1,1,99.99,1
1,1,99.99,1
1,1,99.98,1
0,0,0.24,0
0,0,0.01,0
0,0,0.02,0
0,0,0.03,0
1,1,100.0,1
0,0,0.0,0
1,1,100.0,1
1,1,100.0,1
0,0,0.0,0
1,1,100.0,1
1,1,100.0,1
0,0,0.0,0
1,1,99.99,1
1,1,99.93,1
1,1,99.96,1
1,1,100.0,1
1,1,100.0,1
0,0,0.02,0
0,0,0.02,0
0,0,0.02,0
1,1,100.0,1
1,1,99.99,1
0,0,0.0,0
1,1,99.95,1
0,0,0.0,0
0,0,0.0,0
1,1,100.0,1
0,0,0.02,0
1,1,100.0,1
0,0,0.02,0
0,0,0.0,0
1,1,99.2,1
1,1,99.95,1
1,1,100.0,1
1,1,100.0,1
1,1,99.99,1
0,0,0.0,0
1,1,100.0,1
0,0,0.01,0
1,1,99.99,1
1,1,100.0,1
1,1,100.0,1
0,0,16.73,0
0,0,0.16,0
1,1,100.0,1
1,1,100.0,1
1,1,99.99,1
0,0,0.02,0
1,1,94.72,1
0,0,0.22,0
1,1,99.99,1
1,1,96.09,1
0,0,0.0,0
0,0,0.0,0
1,1,100.0,1
0,0,0.0,0
0,0,0.03,0
0,0,0.67,0
1,1,99.99,1
1,1,100.0,1
1,1,99.98,1
0,0,0.01,0
1,1,100.0,1
0,0,0.0,0
1,1,100.0,1
0,0,0.04,0
0,0,0.01,0
1,1,100.0,1
1,1,100.0,1
1,1,100.0,1
1,1,99.99,1
0,0,0.0,0
0,0,0.0,0
1,1,100.0,1
1,1,99.99,1
1,1,100.0,1
1,1,100.0,1
1,1,100.0,1
1,1,100.0,1
0,0,0.01,0
0,0,0.25,0
0,0,0.0,0
0,0,0.0,0
1,1,100.0,1
1,1,100.0,1
1,1,100.0,1
1,1,99.89,1
0,0,0.01,0
0,0,0.02,0
0,0,8.58,0
1,1,100.0,1
0,0,0.0,0
0,0,0.02,0
1,1,100.0,1
0,0,0.02,0
1,1,100.0,1
0,0,0.07,0
1,1,100.0,1
1,1,100.0,1
1,1,100.0,1
1,1,100.0,1
0,0,0.0,0
0,0,0.01,0
0,0,0.01,0
0,0,0.0,0
1,1,100.0,1
1,1,99.99,1
0,0,0.0,0
1,1,100.0,1
0,0,0.0,0
1,1,99.87,1
0,0,0.02,0
0,0,0.09,0
1,1,99.99,1
0,0,0.05,0
1,1,99.97,1
0,0,0.02,0
1,1,100.0,1
0,0,0.0,0
0,0,0.0,0
1,1,98.65,1
0,0,0.0,0
1,1,99.97,1
1,1,99.91,1
0,0,0.0,0
0,0,0.01,0
1,1,100.0,1
0,0,0.0,0
0,0,0.0,0
0,0,0.02,0
0,0,0.0,0
1,1,99.99,1
1,1,99.98,1
0,0,0.0,0
0,0,0.03,0
1,1,100.0,1
0,0,0.0,0
0,0,0.01,0
1,1,100.0,1
0,0,0.02,0
0,0,0.0,0
1,1,99.99,1
1,1,100.0,1
0,0,0.01,0
1,1,100.0,1
1,1,100.0,1
1,1,99.99,1
1,1,100.0,1
0,0,0.0,0
1,1,100.0,1
1,1,100.0,1
1,1,99.99,1
1,1,100.0,1
1,1,99.99,1
1,1,100.0,1
0,0,0.0,0
1,1,100.0,1
1,1,99.99,1
0,0,0.0,0
0,0,0.0,0
1,1,99.99,1
0,0,0.0,0
1,1,99.99,1
1,1,100.0,1
1,1,99.99,1
1,1,100.0,1
1,1,99.99,1
0,0,0.03,0
1,1,100.0,1
0,0,0.0,0
0,0,0.02,0
1,1,99.98,1
0,0,0.02,0
1,1,99.84,1
1,1,99.99,1
1,1,100.0,1
1,1,100.0,1
1,1,100.0,1
1,1,100.0,1
1,1,100.0,1
1,1,100.0,1
1,1,100.0,1
0,1,92.89,1
0,0,0.0,0
0,0,0.0,0
0,0,0.05,0
1,1,100.0,1
1,1,100.0,1
0,0,0.0,0
0,0,0.02,0
1,1,99.99,1
1,1,99.96,1
1,1,100.0,1
0,0,0.0,0
0,0,0.0,0
0,0,0.0,0
1,1,99.98,1
1,1,100.0,1
1,1,100.0,1
1,1,99.91,1
0,0,0.0,0
1,1,99.67,1
1,1,99.69,1
1,1,99.01,1
0,0,0.0,0
1,1,100.0,1
0,0,0.01,0
0,0,0.02,0
1,1,100.0,1
0,0,0.01,0
1,1,100.0,1
1,1,100.0,1
0,0,0.01,0
1,1,99.98,1
1,1,100.0,1
0,0,0.0,0
1,1,99.99,1
1,1,100.0,1
0,0,0.0,0
0,0,0.0,0
0,0,0.0,0
1,1,100.0,1
1,1,100.0,1
1,1,100.0,1
0,0,0.02,0
1,1,99.99,1
1,1,99.99,1
0,0,0.02,0
1,1,100.0,1
0,0,0.0,0
0,0,0.01,0
1,1,100.0,1
1,1,100.0,1
1,1,100.0,1
0,0,0.0,0
1,1,99.93,1
1,1,100.0,1
0,0,0.01,0
0,0,0.0,0
1,1,99.97,1
0,0,0.33,0
1,1,99.99,1
0,0,0.01,0
0,0,0.0,0
1,1,99.9,1
0,0,0.02,0
0,0,0.01,0
0,0,0.33,0
1,1,99.99,1
0,0,0.0,0
0,0,0.0,0
0,0,0.01,0
0,0,0.0,0
0,0,0.0,0
0,0,0.0,0
0,0,0.0,0
1,1,99.8,1
1,1,100.0,1
0,0,0.51,0
1,1,100.0,1
1,1,99.99,1
0,0,0.0,0
1,1,100.0,1
0,0,0.01,0
0,0,0.01,0
0,0,0.06,0
1,1,100.0,1
0,0,0.01,0
0,0,0.0,0
0,0,0.0,0
0,0,0.01,0
0,0,0.02,0
0,0,0.03,0
0,0,0.0,0
0,0,0.0,0
0,0,0.0,0
1,1,99.99,1
1,1,99.71,1
0,0,0.0,0
1,1,100.0,1
1,1,99.98,1
0,0,0.28,0
0,0,0.0,0
0,0,0.26,0
1,1,100.0,1
0,0,0.0,0
0,0,0.0,0
1,1,100.0,1
1,1,100.0,1
0,0,0.0,0
0,0,0.02,0
0,0,0.0,0
1,1,99.9,1
1,1,100.0,1
0,0,0.0,0
0,0,0.0,0
1,1,99.93,1
0,0,0.0,0
0,0,0.03,0
0,0,0.01,0
0,0,0.0,0
1,1,99.64,1
1,1,100.0,1
1,1,100.0,1
1,1,99.99,1
1,1,100.0,1
1,1,99.84,1
1,1,99.9,1
0,0,0.0,0
0,0,0.01,0
0,0,0.0,0
0,0,0.0,0
0,0,0.01,0
0,0,0.0,0
1,1,100.0,1
0,0,0.16,0
1,1,100.0,1
1,1,99.96,1
0,0,0.01,0
1,1,100.0,1
1,1,99.99,1
0,0,0.31,0
1,1,100.0,1
1,1,100.0,1
0,0,0.01,0
1,1,100.0,1
1,1,100.0,1
1,1,100.0,1
0,0,0.0,0
0,0,0.01,0
1,1,100.0,1
0,0,0.0,0
1,1,100.0,1
0,0,0.87,0
0,0,21.13,0
0,0,0.0,0
0,0,0.0,0
0,0,0.04,0
0,0,0.0,0
1,1,99.97,1
0,0,0.01,0
0,0,0.03,0
0,0,0.03,0
1,1,99.98,1
1,1,100.0,1
0,0,0.25,0
0,0,0.01,0
1,1,100.0,1
1,1,99.65,1
0,0,1.21,0
0,0,0.0,0
1,1,100.0,1
0,0,0.0,0
0,0,0.0,0
1,1,100.0,1
0,0,3.39,0
0,0,0.0,0
0,0,0.05,0
1,1,100.0,1
0,0,0.01,0
0,0,0.01,0
0,0,0.0,0
1,1,99.93,1
1,1,96.86,1
1,1,99.96,1
0,0,0.0,0
1,1,99.95,1
1,1,100.0,1
0,0,0.01,0
1,1,100.0,1
1,1,100.0,1
0,0,0.0,0
1,1,100.0,1
0,0,0.04,0
1,1,100.0,1
0,0,0.03,0
1,1,100.0,1
1,1,99.99,1
1,1,99.99,1
0,0,0.02,0
0,0,0.0,0
0,0,0.0,0
1,1,99.99,1
1,1,99.99,1
1,1,98.18,1
1,1,100.0,1
0,0,0.0,0
1,1,100.0,1
1,1,100.0,1
0,0,0.0,0
1,1,99.96,1
1,1,100.0,1
1,1,100.0,1
1,1,99.99,1
0,0,0.0,0
0,0,0.01,0
1,1,99.77,1
1,1,99.86,1
1,1,99.78,1
1,1,100.0,1
0,0,0.01,0
1,1,99.99,1
0,0,0.0,0
0,0,0.0,0
0,0,0.0,0
1,1,99.99,1
1,1,100.0,1
0,0,0.0,0
1,1,100.0,1
1,1,100.0,1
1,1,99.99,1
1,1,100.0,1
1,1,99.88,1
0,0,0.01,0
1,1,99.92,1
1,1,99.99,1
0,0,0.0,0
0,0,0.0,0
1,1,99.84,1
1,1,99.99,1
0,0,0.83,0
1,1,100.0,1
1,1,100.0,1
0,0,0.0,0
1,1,99.98,1
1,1,100.0,1
0,0,0.01,0
1,1,100.0,1
1,1,99.84,1
0,0,0.01,0
0,0,0.0,0
0,0,0.0,0
1,1,98.63,1
0,0,0.03,0
1,1,100.0,1
1,1,100.0,1
1,1,97.3,1
0,0,0.02,0
1,1,100.0,1
0,0,0.02,0
1,1,98.33,1
1,1,99.99,1
0,0,0.0,0
0,0,0.0,0
1,1,100.0,1
1,1,100.0,1
0,0,0.0,0
0,0,0.0,0
0,0,0.0,0
0,0,0.02,0
0,0,0.0,0
0,0,0.0,0
1,1,100.0,1
0,0,3.23,0
0,0,0.0,0
1,1,99.98,1
1,1,98.18,1
0,0,0.01,0
1,1,100.0,1
1,1,99.95,1
1,1,100.0,1
0,0,0.0,0
1,1,99.99,1
0,0,0.03,0
1,1,100.0,1
0,0,0.0,0
0,0,0.0,0
1,1,99.98,1
0,0,0.0,0
1,1,99.99,1
0,0,0.0,0
0,0,0.0,0
0,0,0.0,0
1,1,100.0,1
0,0,0.0,0
0,0,0.0,0
1,1,100.0,1
1,1,100.0,1
1,1,100.0,1
1,1,99.97,1
1,1,100.0,1
0,0,0.0,0
1,1,99.99,1
1,1,100.0,1
0,0,0.03,0
1,1,99.64,1
1,1,100.0,1
0,0,0.0,0
1,1,100.0,1
1,1,100.0,1
0,0,0.0,0
1,1,99.96,1
1,1,100.0,1
1,1,100.0,1
1,0,1.22,0
0,0,0.01,0
0,0,0.01,0
0,0,0.0,0
1,1,99.98,1
0,0,0.01,0
0,0,0.0,0
1,1,99.99,1
1,1,100.0,1
1,1,100.0,1
1,1,100.0,1
1,1,100.0,1
1,1,99.82,1
0,0,0.0,0
1,1,100.0,1
0,0,0.0,0
1,1,100.0,1
1,1,100.0,1
0,0,0.0,0
0,0,0.01,0
0,0,0.02,0
0,0,0.01,0
0,0,0.0,0
1,1,100.0,1
1,1,100.0,1
1,1,100.0,1
1,1,100.0,1
0,0,5.67,0
1,1,99.72,1
0,0,0.0,0
0,0,0.01,0
0,0,0.0,0
0,0,0.02,0
0,0,0.0,0
0,0,0.01,0
0,0,0.0,0
1,1,100.0,1
1,1,100.0,1
0,0,0.03,0
0,0,0.76,0
1,1,99.94,1
0,0,0.0,0
0,0,0.01,0
1,1,99.98,1
1,1,100.0,1
1,1,100.0,1
0,0,0.0,0
1,1,99.99,1
0,0,0.0,0
0,0,0.01,0
0,0,0.0,0
1,1,100.0,1
1,1,99.99,1
1,1,100.0,1
0,0,0.0,0
1,1,100.0,1
1,1,99.83,1
1,1,100.0,1
0,0,0.01,0
1,1,100.0,1
1,1,99.99,1
0,0,0.0,0
0,0,0.0,0
0,0,0.0,0
0,0,0.08,0
0,0,0.0,0
0,0,0.01,0
1,1,99.95,1
0,0,0.01,0
1,1,100.0,1
1,1,99.02,1
0,0,0.02,0
0,0,0.0,0
1,1,100.0,1
1,1,100.0,1
0,0,0.0,0
0,0,0.0,0
0,0,0.03,0
0,0,0.0,0
1,1,100.0,1
0,0,0.13,0
1,1,100.0,1
0,0,0.0,0
0,0,0.0,0
0,0,0.03,0
0,0,0.0,0
1,1,99.99,1
1,1,99.99,1
1,1,100.0,1
0,0,0.02,0
1,1,100.0,1
1,1,100.0,1
0,0,0.06,0
0,0,0.0,0
1,1,99.94,1
1,1,100.0,1
0,0,0.0,0
1,1,100.0,1
1,1,99.99,1
0,0,0.0,0
1,1,100.0,1
0,0,0.0,0
1,1,100.0,1
0,0,0.49,0
0,0,0.27,0
1,1,99.98,1
0,0,0.0,0
0,0,0.0,0
0,0,0.0,0
1,1,100.0,1
1,1,99.99,1
0,0,0.0,0
1,1,99.99,1
0,0,0.01,0
1,1,99.99,1
0,0,0.0,0
1,1,100.0,1
0,0,0.0,0
1,1,100.0,1
0,0,0.14,0
1,1,100.0,1
0,0,0.0,0
1,1,100.0,1
0,0,0.0,0
0,0,0.02,0
0,0,0.0,0
1,1,100.0,1
1,1,100.0,1
1,1,100.0,1
1,1,100.0,1
1,1,99.99,1
1,1,100.0,1
0,0,0.0,0
0,0,0.0,0
0,0,0.0,0
1,1,100.0,1
0,0,0.0,0
1,1,100.0,1
0,0,0.0,0
1,1,100.0,1
0,0,0.01,0
1,1,99.99,1
1,1,100.0,1
1,1,100.0,1
1,1,100.0,1
1,1,100.0,1
0,0,0.0,0
0,0,0.02,0
1,1,99.79,1
1,1,100.0,1
0,0,0.02,0
1,1,98.19,1
0,0,0.0,0
0,0,9.65,0
1,1,100.0,1
1,1,99.99,1
1,1,99.88,1
1,1,100.0,1
1,1,99.98,1
0,0,0.0,0
1,1,100.0,1
0,0,0.01,0
0,0,0.0,0
0,0,0.01,0
0,0,0.0,0
0,0,0.0,0
0,0,0.0,0
1,1,100.0,1
1,1,100.0,1
1,1,100.0,1
1,1,100.0,1
1,1,99.99,1
1,1,100.0,1
1,1,100.0,1
0,0,0.01,0
1,1,99.07,1
1,1,100.0,1
1,1,100.0,1
1,1,100.0,1
1,1,100.0,1
0,0,0.01,0
1,1,99.96,1
1,1,100.0,1
1,1,100.0,1
0,0,1.15,0
1,1,100.0,1
0,0,0.63,0
1,1,99.96,1
1,1,99.99,1
0,0,0.0,0
0,0,0.09,0
1,1,100.0,1
0,0,0.0,0
1,1,100.0,1
0,0,0.0,0
1,1,99.88,1
0,0,0.0,0
0,0,0.0,0
0,0,0.0,0
1,1,100.0,1
1,1,100.0,1
1,1,99.64,1
0,0,0.01,0
1,1,100.0,1
1,1,100.0,1
1,1,100.0,1
1,1,100.0,1
1,1,100.0,1
1,1,99.95,1
1,1,87.58,1
0,0,0.02,0
0,0,0.0,0
0,0,0.0,0
1,1,99.99,1
0,0,0.0,0
0,0,0.0,0
1,1,99.95,1
0,0,0.0,0
0,0,0.0,0
1,1,94.34,1
1,1,100.0,1
0,0,0.0,0
0,0,0.0,0
1,1,99.99,1
1,1,100.0,1
1,1,99.94,1
1,1,99.98,1
0,0,0.02,0
1,1,100.0,1
1,1,100.0,1
1,1,99.86,1
0,0,0.0,0
0,0,0.0,0
1,1,100.0,1
1,1,99.59,1
0,0,0.01,0
1,1,99.82,1
1,1,99.75,1
1,1,100.0,1
0,0,0.0,0
1,1,100.0,1
1,1,99.99,1
1,1,99.47,1
1,1,99.99,1
0,0,0.01,0
1,1,99.89,1
1,1,100.0,1
1,1,99.99,1
0,0,0.0,0
0,0,0.0,0
1,1,100.0,1
0,0,0.0,0
1,1,100.0,1
0,0,0.0,0
0,0,0.15,0
1,1,99.99,1
0,0,0.01,0
0,0,0.01,0
1,1,100.0,1
1,1,100.0,1
1,1,99.98,1
1,1,100.0,1
0,0,0.39,0
1,1,99.99,1
0,0,0.0,0
1,1,100.0,1
1,1,100.0,1
1,1,100.0,1
1,1,100.0,1
0,0,0.0,0
1,1,100.0,1
1,1,100.0,1
1,1,100.0,1
1,1,100.0,1
0,0,0.0,0
1,1,100.0,1
1,1,100.0,1
0,0,0.02,0
0,0,0.0,0
1,1,100.0,1
0,0,1.05,0
1,1,100.0,1
0,0,0.01,0
0,0,0.0,0
1,1,99.98,1
0,0,0.67,0
1,1,99.73,1
1,1,100.0,1
0,0,0.0,0
1,1,99.99,1
0,0,0.0,0
0,0,0.01,0
1,1,99.99,1
0,0,0.01,0
1,1,99.53,1
0,0,0.05,0
0,0,0.03,0
1,1,100.0,1
0,0,0.01,0
0,0,0.0,0
1,1,100.0,1
0,0,0.04,0
0,0,0.0,0
0,0,0.0,0
1,1,99.99,1
0,0,0.0,0
0,0,0.0,0
1,1,100.0,1
0,0,0.0,0
0,0,0.02,0
1,1,100.0,1
1,1,100.0,1
0,0,0.01,0
1,1,99.96,1
0,0,0.0,0
1,1,100.0,1
0,0,0.03,0
0,0,0.0,0
0,0,0.0,0
0,0,0.01,0
0,0,0.0,0
0,0,0.0,0
0,0,0.0,0
1,1,100.0,1
0,0,0.0,0
0,0,0.0,0
0,0,0.23,0
0,0,0.01,0
1,1,100.0,1
1,1,99.98,1
1,1,99.99,1
1,1,99.61,1
0,0,0.0,0
0,0,0.01,0
1,1,100.0,1
0,0,0.01,0
1,1,100.0,1
1,1,100.0,1
1,1,100.0,1
1,1,100.0,1
0,0,0.0,0
1,1,99.97,1
0,0,0.0,0
1,1,100.0,1
0,0,0.08,0
0,0,0.03,0
0,0,0.0,0
0,0,0.0,0
0,0,0.01,0
0,0,0.02,0
0,0,0.0,0
1,1,100.0,1
0,0,0.0,0
1,1,100.0,1
0,0,0.0,0
0,0,0.0,0
1,1,99.98,1
1,1,100.0,1
0,0,0.01,0
1,1,99.99,1
0,0,0.0,0
0,0,0.01,0
0,0,0.01,0
0,0,0.1,0
1,1,98.8,1
1,1,100.0,1
1,1,100.0,1
0,0,0.01,0
0,0,0.0,0
0,0,0.04,0
1,1,99.96,1
1,1,100.0,1
0,0,0.03,0
0,0,0.0,0
1,1,99.99,1
1,1,100.0,1
1,1,99.83,1
0,0,0.0,0
1,1,99.48,1
1,1,100.0,1
0,0,0.0,0
0,0,0.0,0
1,1,99.99,1
0,0,0.0,0
1,1,99.99,1
1,1,100.0,1
1,1,99.48,1
1,1,99.99,1
1,1,99.95,1
0,0,0.0,0
0,0,0.0,0
0,0,0.0,0
0,0,0.0,0
1,1,99.98,1
1,1,99.91,1
0,0,0.0,0
1,1,99.99,1
1,1,100.0,1
0,0,0.0,0
0,0,0.0,0
0,0,0.02,0
1,1,99.97,1
0,0,0.0,0
0,0,0.0,0
0,0,0.0,0
0,0,0.0,0
1,1,100.0,1
0,0,0.02,0
0,0,0.0,0
1,1,100.0,1
0,0,0.0,0
1,1,100.0,1
0,0,0.0,0
1,1,100.0,1
1,1,100.0,1
0,0,0.12,0
0,0,0.0,0
1,1,100.0,1
1,1,99.99,1
1,1,100.0,1
0,0,0.01,0
1,1,100.0,1
0,0,0.02,0
0,0,0.01,0
1,1,100.0,1
0,0,0.0,0
1,1,99.96,1
1,1,100.0,1
1,1,100.0,1
0,0,0.02,0
1,1,99.95,1
1,1,99.97,1
0,0,0.0,0
0,0,0.0,0
1,1,100.0,1
0,0,0.02,0
1,1,100.0,1
1,1,100.0,1
1,1,100.0,1
1,1,100.0,1
0,0,0.0,0
0,0,0.0,0
0,0,0.0,0
1,1,99.99,1
1,1,100.0,1
1,1,100.0,1
1,1,100.0,1
1,1,100.0,1
0,0,0.0,0
1,1,99.98,1
1,1,100.0,1
1,1,99.99,1
1,1,100.0,1
1,1,100.0,1
1,1,99.65,1
0,0,0.0,0
0,0,0.0,0
0,0,0.0,0
1,1,100.0,1
0,0,0.0,0
1,1,99.99,1
0,0,0.25,0
0,0,0.0,0
0,0,0.0,0
1,1,100.0,1
1,1,100.0,1
1,1,99.99,1
1,1,99.98,1
0,0,0.0,0
0,0,0.0,0
1,1,100.0,1
1,1,100.0,1
1,1,100.0,1
1,1,99.99,1
0,0,0.01,0
1,1,99.14,1
0,0,0.0,0
1,1,100.0,1
1,1,98.51,1
0,0,0.19,0
1,1,99.86,1
1,1,100.0,1
1,1,99.96,1
1,1,100.0,1
1,1,100.0,1
0,0,0.0,0
0,0,0.02,0
0,0,0.0,0
1,1,99.94,1
1,1,99.87,1
0,0,0.02,0
1,1,100.0,1
0,0,0.02,0
1,1,99.99,1
0,0,0.0,0
0,0,0.0,0
1,1,100.0,1
1,1,98.23,1
1,1,99.99,1
1,1,100.0,1
0,0,0.0,0
1,1,99.98,1
1,1,99.98,1
1,1,100.0,1
0,0,0.02,0
0,0,0.0,0
0,0,0.0,0
1,1,100.0,1
0,0,0.02,0
1,1,99.83,1
0,0,0.0,0
1,1,100.0,1
1,1,100.0,1
0,0,0.0,0
1,1,99.99,1
1,1,91.57,1
1,1,100.0,1
0,0,0.2,0
0,0,0.03,0
1,1,99.99,1
0,0,0.03,0
1,1,100.0,1
1,1,100.0,1
1,1,99.99,1
1,1,99.96,1
1,1,100.0,1
1,1,99.99,1
1,1,100.0,1
0,0,0.0,0
0,0,0.01,0
0,0,0.0,0
0,0,0.0,0
0,0,0.0,0
1,1,100.0,1
0,0,4.74,0
0,0,0.0,0
1,1,100.0,1
1,1,100.0,1
0,0,0.0,0
1,1,99.99,1
1,1,100.0,1
0,0,0.0,0
1,1,100.0,1
1,1,99.8,1
0,0,0.05,0
1,1,99.99,1
1,1,99.95,1
1,1,100.0,1
0,0,0.0,0
1,1,99.99,1
1,1,99.96,1
1,1,100.0,1
0,0,0.0,0
1,1,100.0,1
0,0,0.0,0
0,0,0.0,0
0,0,0.01,0
1,1,100.0,1
0,0,0.0,0
0,0,0.0,0
0,0,0.02,0
0,0,0.0,0
1,1,100.0,1
0,0,0.01,0
0,0,0.0,0
0,0,0.0,0
0,0,0.0,0
1,1,100.0,1
1,1,100.0,1
1,1,99.54,1
0,0,0.0,0
0,0,0.01,0
0,0,0.01,0
0,0,0.0,0
1,1,99.99,1
0,0,0.01,0
1,1,100.0,1
1,1,99.98,1
1,1,99.99,1
1,1,100.0,1
0,0,0.0,0
0,0,0.0,0
1,1,100.0,1
0,0,0.01,0
1,1,100.0,1
0,0,0.0,0
1,1,100.0,1
0,0,0.01,0
0,0,0.0,0
1,1,99.99,1
0,0,0.0,0
0,0,0.02,0
0,0,0.0,0
1,1,99.96,1
0,0,0.03,0
1,1,100.0,1
1,1,100.0,1
1,1,99.98,1
0,0,0.01,0
1,1,100.0,1
0,0,0.01,0
1,1,100.0,1
0,0,0.03,0
0,0,0.03,0
1,1,99.93,1
0,0,0.0,0
0,0,0.02,0
0,0,0.02,0
1,1,99.99,1
0,0,0.01,0
0,0,0.0,0
1,1,100.0,1
1,1,100.0,1
0,0,0.0,0
1,1,100.0,1
0,0,0.0,0
0,0,0.0,0
1,1,100.0,1
1,1,100.0,1
1,1,100.0,1
0,1,74.67,1
0,0,0.17,0
1,1,100.0,1
0,0,0.0,0
0,0,0.0,0
1,1,100.0,1
0,0,0.0,0
0,0,0.01,0
1,1,99.99,1
1,1,99.97,1
0,0,0.0,0
1,1,99.68,1
1,1,99.61,1
1,1,100.0,1
1,1,99.99,1
1,1,99.99,1
1,1,100.0,1
1,1,99.99,1
1,1,100.0,1
1,1,100.0,1
1,1,100.0,1
0,0,0.0,0
0,0,0.01,0
1,1,100.0,1
1,1,100.0,1
0,0,0.0,0
0,0,0.0,0
1,1,100.0,1
1,1,99.91,1
1,1,100.0,1
1,1,99.99,1
1,1,99.99,1
1,1,99.94,1
0,0,0.0,0
0,0,0.0,0
0,0,0.0,0
1,1,100.0,1
1,1,99.98,1
0,0,0.02,0
0,0,0.02,0
1,1,95.76,1
1,1,99.93,1
1,1,99.99,1
1,1,100.0,1
1,1,100.0,1
1,1,100.0,1
0,0,0.0,0
1,1,99.88,1
0,0,0.0,0
0,0,0.0,0
1,1,99.99,1
1,0,14.77,0
0,0,0.01,0
0,0,0.0,0
0,0,0.0,0
1,1,99.77,1
1,1,99.99,1
0,0,0.0,0
0,0,0.03,0
1,1,100.0,1
1,1,100.0,1
0,0,0.0,0
0,0,0.14,0
1,1,99.58,1
1,1,99.99,1
1,1,99.99,1
0,0,0.0,0
0,0,0.0,0
0,0,0.0,0
1,1,99.65,1
0,0,0.0,0
1,1,99.95,1
0,0,0.0,0
0,0,0.0,0
1,1,100.0,1
0,0,0.9,0
0,0,0.01,0
0,0,0.02,0
1,1,100.0,1
1,1,100.0,1
1,1,100.0,1
1,1,99.98,1
0,0,0.0,0
1,1,100.0,1
0,0,0.0,0
0,0,0.01,0
1,1,100.0,1
0,0,0.0,0
1,1,99.8,1
1,1,100.0,1
0,0,1.73,0
1,1,99.98,1
1,1,99.92,1
1,1,99.98,1
1,1,100.0,1
1,1,99.99,1
1,1,99.99,1
1,1,100.0,1
0,0,0.01,0
0,0,0.0,0
1,1,100.0,1
0,0,0.01,0
1,1,99.91,1
0,0,0.0,0
1,1,100.0,1
1,1,100.0,1
0,0,0.0,0
1,1,99.99,1
1,1,100.0,1
1,1,100.0,1
0,0,0.0,0
1,1,100.0,1
0,0,0.0,0
0,0,0.0,0
0,0,0.02,0
1,1,100.0,1
1,1,99.99,1
1,1,100.0,1
1,1,100.0,1
0,0,0.03,0
1,1,100.0,1
1,1,100.0,1
0,0,0.0,0
0,0,0.0,0
0,0,0.05,0
0,0,0.14,0
1,1,99.99,1
1,1,100.0,1
1,1,100.0,1
0,0,0.0,0
0,0,0.0,0
1,1,100.0,1
1,1,99.97,1
0,0,0.03,0
0,0,0.01,0
1,1,99.68,1
1,1,100.0,1
1,1,99.99,1
1,1,100.0,1
0,0,0.0,0
1,1,100.0,1
0,0,0.0,0
1,1,100.0,1
1,1,100.0,1
1,1,99.87,1
0,0,0.0,0
0,0,0.0,0
1,1,100.0,1
0,0,0.0,0
0,0,0.0,0
1,1,100.0,1
0,0,0.0,0
1,1,100.0,1
1,1,99.98,1
0,0,0.0,0
0,0,0.0,0
1,1,100.0,1
1,1,99.99,1
0,0,0.0,0
1,1,99.82,1
1,1,100.0,1
1,1,100.0,1
0,0,0.0,0
1,1,100.0,1
1,1,99.51,1
1,1,100.0,1
1,1,100.0,1
0,0,1.22,0
1,1,99.99,1
0,0,0.02,0
0,0,0.0,0
0,0,0.0,0
1,1,100.0,1
1,1,99.12,1
1,1,100.0,1
1,1,100.0,1
1,1,99.89,1
0,0,0.01,0
1,1,99.88,1
0,0,0.05,0
1,1,100.0,1
1,1,99.99,1
0,0,0.0,0
1,1,100.0,1
0,0,0.0,0
1,1,100.0,1
0,0,0.0,0
1,1,99.96,1
0,0,0.01,0
0,0,0.0,0
1,1,99.83,1
1,1,99.88,1
0,0,0.0,0
0,0,0.0,0
0,0,0.02,0
0,0,0.0,0
0,0,0.01,0
1,1,99.99,1
1,1,99.99,1
1,1,100.0,1
1,1,100.0,1
1,1,99.99,1
1,1,100.0,1
0,0,0.31,0
0,0,0.0,0
0,0,0.0,0
1,1,99.99,1
0,0,0.03,0
1,1,100.0,1
1,1,100.0,1
1,1,100.0,1
0,0,0.0,0
1,1,100.0,1
1,1,100.0,1
1,1,99.97,1
1,1,99.76,1
0,0,0.0,0
0,0,0.0,0
1,1,99.33,1
1,1,100.0,1
0,0,0.0,0
0,0,0.03,0
0,0,0.02,0
0,0,0.0,0
0,0,0.0,0
1,1,100.0,1
1,1,100.0,1
1,1,100.0,1
1,1,100.0,1
0,0,0.0,0
1,1,99.99,1
0,0,0.01,0
0,0,0.0,0
1,1,99.98,1
0,0,0.0,0
0,0,0.01,0
1,1,99.99,1
0,0,0.02,0
0,0,0.01,0
1,1,100.0,1
0,0,0.0,0
0,0,0.0,0
1,1,100.0,1
0,0,0.02,0
0,0,0.03,0
1,1,99.99,1
0,0,0.0,0
0,0,0.0,0
0,0,0.0,0
1,1,99.91,1
0,0,0.0,0
0,0,0.0,0
1,1,100.0,1
1,1,100.0,1
1,1,100.0,1
1,1,100.0,1
0,0,0.04,0
0,0,0.0,0
1,1,99.99,1
0,0,0.01,0
1,1,99.97,1
1,1,100.0,1
0,0,0.05,0
0,0,0.0,0
1,1,100.0,1
0,0,0.0,0
0,0,0.0,0
0,0,0.01,0
1,1,100.0,1
0,0,0.0,0
1,1,99.95,1
0,0,0.0,0
0,0,0.04,0
1,1,100.0,1
0,0,0.0,0
0,0,0.0,0
0,0,0.0,0
1,1,100.0,1
1,1,99.98,1
1,1,99.96,1
1,1,99.99,1
0,0,0.01,0
1,1,99.76,1
1,1,99.83,1
0,0,0.04,0
1,1,100.0,1
0,0,0.02,0
1,1,100.0,1
0,0,0.0,0
1,1,100.0,1
1,1,100.0,1
0,0,0.0,0
0,0,0.02,0
1,1,99.97,1
0,0,0.01,0
1,1,100.0,1
0,0,0.01,0
1,1,98.29,1
1,1,99.98,1
0,0,0.0,0
0,0,0.0,0
1,1,100.0,1
1,1,100.0,1
0,0,0.01,0
1,1,99.99,1
1,1,99.99,1
1,1,99.99,1
1,1,100.0,1
0,0,0.0,0
1,1,100.0,1
0,0,0.02,0
0,0,0.0,0
0,0,1.8,0
1,1,99.74,1
1,1,100.0,1
0,0,0.0,0
0,0,0.02,0
0,0,0.0,0
1,1,100.0,1
0,1,77.6,1
1,1,100.0,1
0,0,0.0,0
0,0,0.0,0
1,1,100.0,1
1,1,100.0,1
1,1,100.0,1
1,1,99.99,1
0,0,0.04,0
0,0,0.0,0
1,1,99.78,1
1,1,100.0,1
1,1,100.0,1
0,0,0.0,0
0,0,0.0,0
0,0,0.0,0
1,1,100.0,1
0,0,0.0,0
1,1,100.0,1
1,1,100.0,1
1,1,100.0,1
1,1,100.0,1
1,1,100.0,1
0,0,0.01,0
0,0,0.0,0
1,1,99.98,1
0,0,0.0,0
0,0,0.0,0
0,0,0.0,0
0,0,0.01,0
0,0,0.0,0
1,1,99.99,1
0,0,0.0,0
1,1,99.93,1
1,1,99.99,1
0,0,0.0,0
0,0,0.0,0
1,1,100.0,1
0,0,0.01,0
1,1,99.99,1
0,0,0.03,0
1,1,99.99,1
1,1,100.0,1
0,0,0.0,0
0,0,0.02,0
0,0,0.0,0
1,1,99.96,1
0,0,0.0,0
1,1,100.0,1
0,0,0.0,0
0,0,0.0,0
0,0,0.0,0
0,0,0.2,0
1,1,100.0,1
0,0,0.02,0
0,0,0.01,0
1,1,99.98,1
1,1,99.61,1
1,1,100.0,1
0,0,0.0,0
1,1,100.0,1
1,1,100.0,1
0,0,0.0,0
1,1,99.87,1
0,0,0.0,0
0,0,0.19,0
1,1,100.0,1
1,1,100.0,1
1,1,100.0,1
1,1,99.99,1
1,1,99.11,1
1,1,100.0,1
0,0,14.98,0
1,1,100.0,1
1,1,99.98,1
1,1,100.0,1
0,0,0.0,0
1,1,100.0,1
1,1,99.99,1
0,0,0.0,0
1,1,100.0,1
1,1,99.99,1
1,1,100.0,1
0,0,0.0,0
0,0,0.0,0
1,1,99.99,1
0,0,0.0,0
1,1,98.31,1
1,1,100.0,1
1,1,100.0,1
0,0,0.01,0
1,1,100.0,1
0,0,0.03,0
1,1,100.0,1
0,0,0.03,0
1,1,99.95,1
1,1,99.99,1
0,0,0.02,0
0,0,0.22,0
1,1,100.0,1
1,1,100.0,1
1,1,100.0,1
0,0,0.01,0
0,0,0.0,0
1,1,99.99,1
1,1,100.0,1
0,0,0.01,0
1,1,100.0,1
0,0,0.0,0
1,1,100.0,1
0,0,0.0,0
0,0,0.0,0
0,0,0.0,0
1,1,100.0,1
0,1,98.8,1
1,1,99.93,1
1,1,99.9,1
0,0,0.0,0
1,1,100.0,1
1,1,100.0,1
1,1,100.0,1
1,1,100.0,1
1,1,100.0,1
0,0,0.0,0
1,1,99.95,1
0,0,0.0,0
0,0,0.0,0
0,0,0.0,0
1,1,99.99,1
1,1,99.99,1
0,0,0.01,0
1,1,100.0,1
1,1,99.99,1
1,1,100.0,1
0,0,0.0,0
0,0,0.0,0
1,1,100.0,1
1,1,99.99,1
1,1,99.73,1
0,0,0.02,0
1,1,99.74,1
0,0,0.02,0
1,1,99.99,1
0,0,0.01,0
0,0,0.0,0
0,0,0.0,0
0,0,0.0,0
1,1,99.99,1
0,0,0.04,0
1,1,100.0,1
0,0,0.01,0
1,1,100.0,1
1,1,99.94,1
1,1,100.0,1
1,1,100.0,1
1,1,99.99,1
0,0,0.03,0
0,0,0.0,0
1,1,99.98,1
1,1,100.0,1
0,0,0.01,0
1,1,99.91,1
0,0,0.02,0
0,0,0.0,0
1,1,100.0,1
1,1,99.99,1
1,1,100.0,1
0,0,0.0,0
1,1,99.95,1
0,0,0.0,0
1,1,99.97,1
1,1,100.0,1
0,0,0.0,0
0,0,0.01,0
1,1,100.0,1
1,1,100.0,1
0,0,0.02,0
0,0,0.0,0
1,1,99.88,1
0,0,0.05,0
0,0,0.01,0
1,1,99.99,1
1,1,100.0,1
0,0,0.01,0
1,1,99.01,1
0,0,0.0,0
1,1,91.01,1
1,1,99.99,1
0,0,0.07,0
1,1,100.0,1
0,0,0.0,0
0,0,0.0,0
1,1,99.79,1
1,1,99.99,1
1,1,99.96,1
1,1,100.0,1
0,0,0.0,0
1,1,99.95,1
0,0,0.0,0
1,1,100.0,1
1,1,99.99,1
1,1,99.98,1
0,0,0.02,0
0,0,0.0,0
1,1,100.0,1
1,1,100.0,1
1,1,99.86,1
0,0,0.0,0
1,1,99.99,1
1,1,99.76,1
1,1,99.91,1
1,1,99.91,1
1,1,100.0,1
0,0,0.04,0
0,0,0.03,0
0,0,0.0,0
1,1,100.0,1
0,0,0.0,0
1,1,100.0,1
0,0,0.03,0
0,0,0.0,0
1,1,100.0,1
1,1,100.0,1
0,0,0.0,0
0,0,0.01,0
1,1,100.0,1
0,0,0.01,0
0,0,0.0,0
0,0,0.0,0
0,0,0.01,0
1,1,99.32,1
0,0,0.01,0
0,0,0.0,0
0,0,0.02,0
1,1,100.0,1
0,0,0.0,0
1,1,99.99,1
1,1,100.0,1
0,0,0.0,0
0,0,0.05,0
1,1,99.92,1
0,0,0.01,0
0,0,0.01,0
0,0,0.0,0
1,1,99.32,1
0,0,0.02,0
0,0,0.0,0
0,0,0.0,0
1,1,100.0,1
0,0,0.0,0
1,1,99.17,1
0,0,0.02,0
0,0,0.01,0
1,1,100.0,1
0,0,0.0,0
1,1,100.0,1
0,0,0.0,0
1,1,100.0,1
0,0,0.02,0
1,1,100.0,1
0,0,0.02,0
0,0,0.02,0
0,0,0.0,0
0,0,0.0,0
0,0,0.01,0
1,1,100.0,1
1,1,100.0,1
0,0,0.01,0
1,1,100.0,1
1,1,100.0,1
0,0,0.0,0
1,1,100.0,1
0,0,0.01,0
0,0,0.0,0
1,1,100.0,1
1,1,100.0,1
1,1,100.0,1
1,1,100.0,1
1,1,99.6,1
0,0,0.05,0
1,1,100.0,1
1,1,99.56,1
1,1,99.98,1
1,1,98.9,1
1,1,100.0,1
1,1,100.0,1
0,0,0.0,0
1,1,100.0,1
0,0,0.0,0
0,0,0.0,0
0,0,0.0,0
1,1,100.0,1
1,1,100.0,1
0,0,0.0,0
0,0,0.03,0
1,1,100.0,1
0,0,2.87,0
0,0,0.01,0
1,1,100.0,1
1,1,99.99,1
0,0,5.46,0
0,0,0.01,0
1,1,99.61,1
0,0,0.0,0
1,1,100.0,1
0,0,0.0,0
0,0,0.0,0
1,1,100.0,1
0,0,0.0,0
0,0,0.02,0
1,1,100.0,1
1,1,99.97,1
0,0,0.0,0
0,0,0.0,0
0,0,0.0,0
0,0,0.0,0
1,1,100.0,1
1,1,99.8,1
0,0,0.02,0
1,1,100.0,1
1,1,100.0,1
0,0,0.0,0
1,1,99.99,1
1,1,100.0,1
0,0,0.0,0
1,1,100.0,1
0,0,0.0,0
0,0,0.0,0
1,1,100.0,1
1,1,99.93,1
1,1,99.98,1
1,1,100.0,1
1,1,99.99,1
0,0,0.0,0
1,1,100.0,1
0,0,0.0,0
1,1,99.61,1
1,1,100.0,1
1,1,100.0,1
0,0,0.0,0
0,0,0.0,0
1,1,100.0,1
1,1,100.0,1
1,1,99.99,1
1,1,99.95,1
1,1,100.0,1
0,0,0.0,0
1,1,100.0,1
0,0,0.0,0
0,0,0.01,0
1,1,100.0,1
0,0,0.0,0
1,1,99.99,1
1,1,99.99,1
1,1,99.99,1
0,0,0.0,0
1,1,100.0,1
0,0,0.0,0
1,1,100.0,1
0,0,0.01,0
1,1,99.9,1
1,1,99.99,1
1,1,99.99,1
1,1,100.0,1
0,0,0.0,0
0,0,0.02,0
0,0,0.0,0
1,1,99.94,1
0,0,0.48,0
0,0,0.01,0
1,1,99.99,1
1,1,99.99,1
1,1,99.99,1
1,1,100.0,1
1,1,99.99,1
0,0,0.02,0
0,0,0.0,0
0,0,0.0,0
0,0,0.07,0
0,0,0.0,0
1,1,100.0,1
0,0,0.0,0
1,1,100.0,1
1,1,100.0,1
1,1,99.87,1
0,0,0.13,0
1,1,99.78,1
1,1,100.0,1
1,1,99.84,1
1,1,100.0,1
0,0,0.0,0
1,1,100.0,1
1,1,99.91,1
0,0,0.0,0
0,0,0.0,0
0,0,0.0,0
1,1,99.99,1
0,0,0.02,0
0,0,0.03,0
1,1,100.0,1
0,0,0.0,0
0,0,9.78,0
1,1,99.98,1
1,1,100.0,1
0,0,0.02,0
0,0,0.0,0
0,0,0.01,0
1,1,100.0,1
1,1,99.98,1
1,1,100.0,1
1,1,100.0,1
1,1,100.0,1
1,1,100.0,1
0,0,0.0,0
1,1,99.99,1
0,0,0.0,0
1,1,99.98,1
0,0,0.01,0
1,1,99.99,1
1,1,99.99,1
0,0,0.01,0
1,1,100.0,1
1,1,100.0,1
0,0,0.0,0
0,0,0.0,0
1,1,100.0,1
1,1,100.0,1
0,0,0.0,0
0,0,0.0,0
0,0,0.0,0
1,1,100.0,1
0,0,0.05,0
1,1,100.0,1
0,0,0.0,0
0,0,0.01,0
1,1,100.0,1
1,1,100.0,1
0,0,0.0,0
1,1,99.92,1
1,1,99.99,1
0,0,0.0,0
0,0,0.0,0
1,1,100.0,1
1,1,100.0,1
0,0,0.0,0
1,1,100.0,1
0,0,0.01,0
0,0,0.03,0
0,0,0.0,0
0,0,0.0,0
1,1,100.0,1
1,1,100.0,1
1,1,100.0,1
1,1,97.24,1
0,0,0.0,0
0,0,0.01,0
0,0,0.01,0
1,1,99.98,1
0,0,0.0,0
1,1,99.99,1
1,1,99.99,1
0,0,0.48,0
1,1,100.0,1
0,0,0.0,0
1,1,100.0,1
1,1,100.0,1
1,1,99.99,1
1,1,100.0,1
1,1,100.0,1
0,0,0.0,0
1,1,50.65,1
1,1,100.0,1
1,1,99.9,1
0,0,0.0,0
1,1,99.98,1
1,1,99.87,1
1,1,100.0,1
1,1,99.97,1
1,1,99.98,1
0,0,0.0,0
0,0,0.0,0
1,1,99.99,1
1,1,100.0,1
1,1,99.99,1
0,0,0.0,0
1,1,100.0,1
1,1,100.0,1
0,0,0.0,0
1,1,100.0,1
0,0,0.0,0
0,0,0.01,0
1,1,99.99,1
0,0,0.0,0
0,0,0.0,0
1,1,99.98,1
0,0,0.01,0
1,1,100.0,1
0,0,0.01,0
1,1,99.98,1
0,0,0.01,0
1,1,100.0,1
0,0,0.01,0
0,0,0.0,0
1,1,99.23,1
1,1,100.0,1
1,1,100.0,1
1,1,100.0,1
1,1,99.9,1
1,1,100.0,1
0,0,0.0,0
1,1,99.83,1
1,1,100.0,1
0,0,0.3,0
1,1,100.0,1
1,1,99.98,1
1,1,99.99,1
1,1,100.0,1
1,1,99.99,1
1,1,100.0,1
1,1,99.14,1
0,0,0.03,0
1,1,100.0,1
1,1,100.0,1
1,1,100.0,1
1,1,100.0,1
0,0,0.0,0
0,0,0.0,0
1,1,100.0,1
1,1,100.0,1
1,1,100.0,1
1,1,100.0,1
0,0,0.02,0
0,0,0.11,0
1,1,99.44,1
0,0,0.0,0
0,0,0.0,0
0,0,0.03,0
0,0,0.0,0
1,1,100.0,1
0,0,0.01,0
0,0,0.0,0
0,0,0.0,0
1,1,99.99,1
1,1,100.0,1
1,1,99.97,1
1,1,100.0,1
0,0,0.0,0
0,0,0.01,0
0,0,0.0,0
1,1,100.0,1
0,0,0.01,0
0,0,0.0,0
0,0,0.0,0
0,0,0.01,0
1,1,99.99,1
1,1,99.98,1
0,0,0.02,0
1,1,100.0,1
1,1,100.0,1
1,1,99.97,1
0,0,22.09,0
0,0,0.0,0
0,0,0.0,0
1,1,100.0,1
1,1,99.84,1
0,0,0.0,0
0,0,0.0,0
0,0,0.0,0
1,1,100.0,1
1,1,99.97,1
1,1,99.93,1
0,0,0.01,0
1,1,100.0,1
0,0,0.0,0
0,0,0.0,0
0,0,0.0,0
0,0,0.02,0
1,1,99.98,1
1,1,100.0,1
0,0,0.0,0
1,1,100.0,1
1,1,99.99,1
0,0,0.0,0
0,0,0.0,0
1,1,100.0,1
0,0,0.0,0
1,1,99.95,1
0,0,0.0,0
1,1,100.0,1
1,1,99.99,1
0,0,0.01,0
1,1,98.87,1
0,0,0.0,0
0,0,0.0,0
1,1,100.0,1
1,1,100.0,1
0,0,0.01,0
1,1,100.0,1
1,1,100.0,1
0,0,0.01,0
1,1,99.98,1
0,0,0.0,0
1,1,99.97,1
0,0,0.01,0
1,1,100.0,1
0,0,0.0,0
0,0,0.01,0
1,1,99.78,1
1,1,99.99,1
1,1,100.0,1
0,0,0.0,0
0,0,0.0,0
0,0,0.0,0
0,0,0.02,0
0,0,0.0,0
0,0,0.0,0
0,0,0.0,0
0,0,0.01,0
0,0,0.02,0
1,1,100.0,1
1,1,100.0,1
1,1,100.0,1
0,0,0.0,0
0,0,0.0,0
1,1,100.0,1
1,1,100.0,1
0,0,0.14,0
0,0,0.0,0
0,0,0.03,0
0,0,0.31,0
1,1,100.0,1
1,1,99.66,1
1,1,100.0,1
0,0,0.01,0
0,0,0.0,0
0,0,0.81,0
0,0,0.0,0
1,1,100.0,1
0,0,0.0,0
1,1,100.0,1
1,1,99.97,1
0,0,0.0,0
1,1,99.99,1
1,1,99.99,1
0,0,0.0,0
0,0,0.02,0
1,1,100.0,1
0,0,0.0,0
0,0,0.0,0
1,1,99.92,1
0,0,0.0,0
1,1,99.99,1
1,1,99.99,1
0,0,0.01,0
1,1,99.99,1
1,1,99.93,1
1,1,99.99,1
0,0,0.0,0
0,0,0.01,0
0,0,0.0,0
0,0,0.02,0
1,1,99.99,1
1,1,99.98,1
1,1,100.0,1
1,1,100.0,1
1,1,100.0,1
1,1,100.0,1
1,1,99.99,1
1,1,100.0,1
0,0,0.0,0
1,1,100.0,1
0,0,0.0,0
1,1,99.96,1
1,1,99.63,1
0,0,0.0,0
1,1,100.0,1
1,1,99.95,1
1,1,100.0,1
1,1,100.0,1
0,0,0.0,0
0,0,0.0,0
0,0,0.0,0
1,1,100.0,1
1,1,100.0,1
0,0,0.0,0
1,1,99.95,1
0,0,0.0,0
1,1,100.0,1
1,1,100.0,1
1,1,99.98,1
1,1,100.0,1
1,1,99.99,1
0,0,0.0,0
1,1,100.0,1
1,1,100.0,1
0,0,0.01,0
0,0,0.08,0
1,1,100.0,1
1,1,99.98,1
0,0,0.02,0
0,0,0.0,0
1,1,100.0,1
1,1,99.98,1
1,1,100.0,1
1,1,100.0,1
1,1,99.86,1
1,1,100.0,1
0,0,0.02,0
0,0,0.0,0
1,1,100.0,1
1,1,100.0,1
1,1,99.93,1
0,0,0.0,0
1,1,100.0,1
0,0,0.0,0
0,0,0.0,0
0,0,0.01,0
0,0,0.0,0
1,1,100.0,1
1,1,100.0,1
1,1,91.91,1
1,1,99.98,1
0,0,0.0,0
0,0,0.0,0
1,1,100.0,1
0,0,0.0,0
0,0,0.0,0
1,1,99.99,1
0,0,0.0,0
1,1,97.64,1
0,0,0.01,0
0,0,0.0,0
1,1,99.98,1
0,0,0.0,0
0,0,0.01,0
0,0,0.04,0
0,0,0.37,0
1,1,100.0,1
1,1,99.91,1
1,1,100.0,1
0,0,0.0,0
1,1,100.0,1
1,1,100.0,1
1,1,100.0,1
1,1,100.0,1
1,1,100.0,1
1,1,99.96,1
0,0,0.0,0
0,0,0.04,0
1,1,100.0,1
1,1,100.0,1
1,1,99.99,1
0,0,0.0,0
0,0,0.01,0
0,0,0.0,0
0,0,0.0,0
1,1,100.0,1
1,1,100.0,1
0,0,0.0,0
1,1,99.99,1
1,1,100.0,1
1,1,99.83,1
1,1,98.21,1
0,0,2.58,0
0,0,0.0,0
0,0,0.04,0
0,0,0.0,0
1,1,100.0,1
1,1,99.99,1
0,0,0.01,0
0,0,0.01,0
0,0,0.0,0
0,0,0.0,0
1,1,99.47,1
0,0,0.0,0
1,1,99.64,1
0,0,0.02,0
1,1,100.0,1
1,1,100.0,1
1,1,99.99,1
1,1,100.0,1
1,1,100.0,1
0,0,0.24,0
0,0,0.58,0
1,1,100.0,1
1,0,43.68,0
0,0,0.01,0
0,0,0.0,0
0,0,0.0,0
1,1,100.0,1
1,1,100.0,1
1,1,100.0,1
1,1,100.0,1
0,0,0.0,0
1,1,99.99,1
1,1,100.0,1
0,0,0.0,0
0,0,0.01,0
1,1,100.0,1
0,0,0.02,0
0,0,0.04,0
0,0,0.08,0
1,1,99.99,1
1,1,99.98,1
0,0,0.0,0
1,1,100.0,1
0,0,0.0,0
0,0,0.01,0
1,1,100.0,1
1,1,100.0,1
1,1,100.0,1
1,1,99.99,1
1,1,100.0,1
1,1,99.85,1
1,1,99.04,1
1,1,99.77,1
0,0,0.0,0
1,1,100.0,1
0,0,0.0,0
1,1,100.0,1
1,1,100.0,1
0,0,0.0,0
1,1,99.99,1
1,1,100.0,1
1,1,100.0,1
0,0,0.02,0
1,1,99.99,1
1,1,100.0,1
0,0,0.14,0
1,1,100.0,1
1,1,99.88,1
1,1,99.99,1
0,0,0.02,0
0,0,0.01,0
0,0,0.0,0
0,0,0.0,0
1,1,99.97,1
0,0,0.01,0
1,1,100.0,1
0,0,0.0,0
0,0,0.0,0
0,0,0.01,0
1,1,99.99,1
0,0,0.02,0
0,0,0.0,0
0,0,0.02,0
1,1,100.0,1
1,1,100.0,1
0,0,0.0,0
1,1,100.0,1
1,1,100.0,1
1,1,100.0,1
1,1,100.0,1
1,1,100.0,1
0,0,0.0,0
1,1,99.99,1
1,1,100.0,1
0,0,0.04,0
0,0,0.01,0
1,1,99.77,1
1,1,99.95,1
1,1,100.0,1
1,1,100.0,1
1,1,100.0,1
0,0,0.01,0
0,0,0.03,0
0,0,0.0,0
0,0,0.0,0
1,1,100.0,1
0,0,0.22,0
1,1,100.0,1
1,1,99.99,1
0,0,0.0,0
1,1,100.0,1
1,1,100.0,1
0,0,0.0,0
1,1,100.0,1
1,1,99.99,1
0,0,0.01,0
1,1,100.0,1
1,1,100.0,1
0,0,0.0,0
0,0,0.0,0
1,1,99.95,1
0,0,0.0,0
1,1,100.0,1
1,1,100.0,1
1,1,99.98,1
0,0,0.0,0
1,1,99.99,1
1,1,99.98,1
0,0,0.0,0
0,0,0.0,0
0,0,0.0,0
0,0,0.0,0
0,0,0.0,0
1,1,99.78,1
1,1,99.94,1
1,1,99.71,1
1,1,100.0,1
1,1,99.99,1
0,0,0.01,0
1,1,100.0,1
0,0,0.0,0
0,0,0.0,0
1,1,100.0,1
0,0,0.01,0
1,1,99.99,1
0,0,0.0,0
1,1,100.0,1
0,0,0.0,0
1,1,100.0,1
0,0,1.48,0
0,0,0.0,0
1,1,100.0,1
1,1,100.0,1
0,0,0.0,0
1,1,100.0,1
1,1,100.0,1
1,1,100.0,1
0,0,0.0,0
1,1,100.0,1
0,0,0.0,0
0,0,0.0,0
1,1,100.0,1
1,1,100.0,1
0,0,0.0,0
1,1,99.99,1
1,1,100.0,1
1,1,100.0,1
0,0,0.1,0
0,0,0.9,0
1,1,99.99,1
1,1,99.99,1
0,0,0.01,0
0,0,0.0,0
0,0,0.0,0
0,0,0.0,0
0,0,0.0,0
0,0,0.01,0
1,1,99.99,1
1,1,100.0,1
1,1,99.99,1
1,1,99.97,1
0,0,0.0,0
1,1,100.0,1
0,0,0.0,0
0,0,0.0,0
1,1,99.95,1
0,0,0.0,0
1,1,99.99,1
0,0,0.06,0
1,1,99.99,1
1,1,99.98,1
1,1,100.0,1
0,0,0.0,0
1,1,99.99,1
0,0,0.0,0
1,1,100.0,1
1,1,100.0,1
1,1,100.0,1
1,1,100.0,1
0,0,0.02,0
0,0,0.0,0
0,0,0.01,0
0,0,0.0,0
1,1,99.99,1
0,0,0.01,0
1,1,99.99,1
0,0,0.0,0
1,1,100.0,1
1,1,100.0,1
1,1,100.0,1
1,1,99.99,1
1,1,100.0,1
1,1,99.99,1
1,1,100.0,1
0,0,0.0,0
1,1,100.0,1
1,1,100.0,1
1,1,100.0,1
0,0,0.0,0
1,1,100.0,1
1,1,99.99,1
1,1,99.98,1
1,1,99.93,1
0,0,0.01,0
1,1,99.46,1
0,0,0.0,0
1,1,100.0,1
0,0,0.08,0
1,1,100.0,1
0,0,0.0,0
1,1,100.0,1
0,0,0.0,0
1,1,100.0,1
0,0,0.0,0
0,0,0.0,0
1,1,98.07,1
0,0,0.01,0
1,1,100.0,1
1,1,99.98,1
1,1,100.0,1
0,0,0.01,0
1,1,100.0,1
1,1,100.0,1
0,0,0.0,0
0,0,0.0,0
0,0,0.0,0
0,0,0.02,0
1,1,100.0,1
1,1,100.0,1
1,1,100.0,1
0,0,0.02,0
0,0,0.02,0
1,1,99.85,1
0,0,0.0,0
1,1,100.0,1
1,1,100.0,1
0,0,0.04,0
1,1,100.0,1
0,0,0.0,0
0,0,0.0,0
1,1,100.0,1
0,0,0.0,0
0,0,0.01,0
0,0,0.0,0
1,1,100.0,1
0,0,0.0,0
1,1,99.77,1
0,0,0.0,0
0,0,0.0,0
1,1,100.0,1
0,0,0.46,0
0,0,0.01,0
1,1,98.76,1
0,0,0.0,0
0,0,0.0,0
1,1,100.0,1
1,1,99.84,1
0,0,0.0,0
1,1,98.88,1
1,1,100.0,1
0,0,0.0,0
1,1,99.86,1
0,0,0.0,0
0,0,0.0,0
1,1,100.0,1
0,0,0.04,0
0,0,0.01,0
1,1,99.99,1
0,0,0.0,0
1,1,100.0,1
1,1,97.07,1
1,1,99.99,1
1,1,100.0,1
0,0,0.0,0
0,0,0.0,0
0,0,0.0,0
1,1,100.0,1
0,0,0.2,0
1,1,99.99,1
1,1,100.0,1
1,1,100.0,1
0,0,0.0,0
0,0,0.0,0
0,0,0.0,0
0,0,0.0,0
1,1,99.99,1
0,0,0.02,0
0,0,0.0,0
1,1,100.0,1
0,0,0.0,0
1,1,100.0,1
0,0,0.0,0
1,1,100.0,1
0,0,0.0,0
1,1,99.99,1
0,0,0.0,0
0,0,0.0,0
1,1,100.0,1
0,0,0.01,0
0,0,0.0,0
0,0,0.01,0
0,0,0.0,0
0,0,0.0,0
0,0,0.0,0
1,1,100.0,1
1,1,100.0,1
0,0,0.0,0
1,1,99.99,1
1,1,86.71,1
0,0,0.01,0
0,0,0.0,0
0,0,0.0,0
1,1,99.99,1
0,0,0.0,0
0,0,0.0,0
1,1,100.0,1
0,0,0.0,0
1,1,99.99,1
1,1,99.92,1
1,1,99.96,1
0,0,0.0,0
0,0,0.02,0
0,0,0.02,0
1,1,98.63,1
1,1,99.99,1
0,0,0.16,0
0,0,0.0,0
0,0,0.0,0
0,0,0.0,0
1,1,99.99,1
0,0,0.0,0
1,1,100.0,1
0,0,0.0,0
0,0,0.02,0
1,1,99.97,1
0,0,0.0,0
0,0,0.02,0
0,0,0.0,0
0,0,0.0,0
1,1,99.72,1
0,0,0.01,0
0,0,0.0,0
1,1,99.99,1
0,0,0.0,0
1,1,99.96,1
1,1,99.99,1
0,0,0.0,0
0,0,0.24,0
1,1,100.0,1
0,0,0.02,0
1,1,100.0,1
0,0,0.0,0
1,1,99.93,1
1,1,99.99,1
1,1,100.0,1
1,1,100.0,1
0,0,0.05,0
1,1,100.0,1
1,1,99.99,1
1,1,99.99,1
0,0,0.01,0
0,0,0.0,0
1,1,99.99,1
1,1,100.0,1
1,1,100.0,1
1,1,99.88,1
1,1,99.98,1
0,0,0.0,0
0,0,0.02,0
1,1,100.0,1
1,1,100.0,1
1,1,99.99,1
0,0,0.02,0
0,0,0.0,0
1,1,100.0,1
1,1,100.0,1
1,1,100.0,1
0,0,0.0,0
0,0,0.0,0
1,1,100.0,1
0,0,0.08,0
1,1,99.99,1
0,0,0.0,0
0,0,0.0,0
1,1,100.0,1
1,1,100.0,1
1,1,100.0,1
1,1,100.0,1
0,0,0.08,0
1,1,100.0,1
1,1,99.87,1
0,0,0.0,0
1,1,100.0,1
1,1,99.98,1
0,0,0.0,0
0,0,2.63,0
1,1,99.87,1
0,0,0.0,0
1,1,100.0,1
0,0,0.0,0
0,0,33.3,0
1,1,99.99,1
1,1,97.76,1
1,1,100.0,1
0,0,0.0,0
1,1,99.99,1
1,1,100.0,1
1,1,100.0,1
1,1,99.72,1
1,1,99.97,1
1,1,99.28,1
0,0,0.01,0
1,1,99.99,1
0,0,0.0,0
0,0,0.0,0
1,1,100.0,1
0,0,0.03,0
0,0,0.0,0
0,0,0.04,0
0,0,0.02,0
1,1,100.0,1
1,1,100.0,1
0,0,0.0,0
0,0,0.0,0
1,1,100.0,1
0,0,0.0,0
0,0,0.02,0
0,0,0.0,0
1,1,99.94,1
1,1,99.99,1
0,0,0.19,0
0,0,0.0,0
0,0,0.02,0
0,0,0.34,0
0,0,0.0,0
1,1,100.0,1
0,0,0.0,0
1,1,100.0,1
0,0,0.0,0
1,1,100.0,1
0,0,0.0,0
1,1,100.0,1
0,0,0.0,0
0,0,0.0,0
0,0,0.01,0
0,0,0.0,0
1,1,100.0,1
0,0,0.0,0
1,1,100.0,1
1,1,100.0,1
0,0,0.0,0
0,0,0.04,0
0,0,0.02,0
0,0,0.0,0
1,1,100.0,1
1,1,99.96,1
0,0,0.01,0
0,0,0.01,0
1,1,100.0,1
1,1,100.0,1
0,0,0.0,0
0,0,0.0,0
0,0,0.05,0
0,0,0.0,0
1,1,100.0,1
0,0,0.01,0
0,0,0.08,0
0,0,0.0,0
0,0,0.0,0
1,1,100.0,1
1,1,100.0,1
1,1,100.0,1
1,1,99.99,1
1,1,99.99,1
1,1,100.0,1
1,1,99.9,1
0,0,0.0,0
0,0,0.0,0
1,1,100.0,1
0,0,0.03,0
0,0,0.0,0
1,1,99.69,1
1,1,99.94,1
0,0,0.0,0
0,0,0.0,0
1,1,99.94,1
0,0,0.01,0
0,0,0.04,0
1,1,100.0,1
0,0,0.01,0
1,1,100.0,1
1,1,99.99,1
1,1,99.85,1
0,0,0.02,0
1,1,100.0,1
1,1,100.0,1
0,0,0.02,0
1,1,99.98,1
0,0,0.0,0
1,1,100.0,1
1,1,99.69,1
0,0,0.0,0
1,1,100.0,1
0,0,0.05,0
0,0,0.0,0
0,0,0.0,0
0,0,0.0,0
1,1,99.67,1
1,1,99.98,1
0,0,0.01,0
1,1,100.0,1
0,0,0.0,0
1,1,100.0,1
1,1,100.0,1
0,0,0.01,0
0,0,0.01,0
1,1,100.0,1
0,0,0.0,0
1,1,99.98,1
0,0,0.0,0
1,1,100.0,1
1,1,100.0,1
1,1,99.98,1
0,0,0.0,0
1,1,100.0,1
0,0,0.01,0
1,1,100.0,1
1,1,100.0,1
0,0,0.04,0
1,1,100.0,1
0,0,0.0,0
1,1,100.0,1
0,0,9.75,0
1,1,100.0,1
0,0,0.0,0
1,1,99.99,1
1,1,99.99,1
0,0,0.01,0
1,1,99.85,1
0,0,0.02,0
0,0,0.22,0
0,0,0.0,0
1,1,99.86,1
1,1,100.0,1
0,0,0.0,0
0,0,0.0,0
1,1,100.0,1
1,1,100.0,1
0,0,0.02,0
0,0,0.0,0
0,0,0.0,0
1,1,100.0,1
0,0,0.0,0
1,1,100.0,1
0,0,0.01,0
1,1,99.21,1
0,0,0.0,0
0,0,0.02,0
0,0,0.0,0
1,1,100.0,1
1,1,100.0,1
1,1,99.92,1
1,1,100.0,1
1,1,99.99,1
0,0,27.09,0
0,0,0.0,0
1,1,99.97,1
1,1,100.0,1
0,0,0.0,0
0,0,0.0,0
0,0,0.0,0
1,1,100.0,1
0,0,0.0,0
1,1,99.81,1
1,1,100.0,1
1,1,99.99,1
1,1,100.0,1
0,0,0.0,0
0,0,0.04,0
0,0,0.0,0
1,1,99.99,1
1,1,100.0,1
1,1,99.99,1
0,0,0.0,0
0,0,0.0,0
0,0,0.01,0
1,1,99.9,1
1,1,100.0,1
0,0,0.0,0
0,0,0.01,0
0,0,0.0,0
0,0,0.0,0
0,0,0.0,0
0,0,0.0,0
1,1,100.0,1
1,1,100.0,1
1,1,99.98,1
0,0,0.0,0
0,0,0.0,0
0,0,0.01,0
0,0,0.0,0
0,0,0.0,0
0,0,0.0,0
1,1,99.91,1
1,1,100.0,1
1,1,100.0,1
1,1,100.0,1
0,0,0.0,0
1,1,100.0,1
1,1,100.0,1
1,1,99.74,1
1,1,100.0,1
1,1,100.0,1
1,1,99.99,1
1,1,100.0,1
0,0,0.0,0
1,1,99.68,1
1,1,100.0,1
1,1,100.0,1
0,0,0.0,0
1,1,99.98,1
1,1,100.0,1
0,0,0.0,0
0,0,0.0,0
0,0,0.56,0
1,1,99.99,1
1,1,99.11,1
0,0,0.0,0
1,1,100.0,1
0,0,0.02,0
1,1,100.0,1
1,1,100.0,1
0,0,0.0,0
0,0,0.0,0
1,1,100.0,1
1,1,99.87,1
1,1,99.99,1
1,1,99.99,1
1,1,99.95,1
1,1,100.0,1
1,1,99.99,1
1,1,99.98,1
0,0,0.24,0
0,0,0.0,0
0,0,0.01,0
1,1,100.0,1
0,0,0.0,0
0,0,0.03,0
1,1,100.0,1
1,1,100.0,1
1,1,100.0,1
0,0,0.0,0
0,0,0.0,0
1,1,99.99,1
0,0,0.0,0
1,1,99.99,1
0,0,0.03,0
1,1,100.0,1
1,1,100.0,1
1,1,100.0,1
1,1,100.0,1
1,1,100.0,1
1,1,100.0,1
1,1,100.0,1
1,1,100.0,1
0,0,0.0,0
0,0,0.0,0
1,1,100.0,1
1,1,100.0,1
0,0,0.0,0
1,1,99.99,1
1,1,99.99,1
0,0,0.01,0
1,1,100.0,1
0,0,0.0,0
0,0,0.0,0
0,0,0.0,0
0,0,0.0,0
0,0,0.05,0
1,1,99.96,1
1,1,99.98,1
1,1,99.88,1
1,1,100.0,1
1,1,99.49,1
0,0,0.0,0
0,0,0.0,0
0,0,0.0,0
0,0,0.0,0
0,0,0.0,0
0,0,0.04,0
1,1,100.0,1
0,0,0.02,0
1,1,91.99,1
0,0,0.0,0
1,1,99.95,1
1,1,100.0,1
1,1,100.0,1
1,1,100.0,1
1,1,100.0,1
1,1,100.0,1
0,0,0.0,0
0,0,0.01,0
1,1,99.99,1
1,1,100.0,1
0,0,0.01,0
1,1,99.97,1
1,1,100.0,1
0,0,0.0,0
1,1,100.0,1
1,1,99.96,1
1,1,99.99,1
1,1,100.0,1
1,1,100.0,1
1,1,100.0,1
0,0,0.0,0
0,0,0.08,0
0,0,0.05,0
0,0,0.02,0
1,1,99.99,1
1,1,100.0,1
0,0,0.0,0
1,1,99.94,1
1,1,99.96,1
1,1,100.0,1
1,1,99.95,1
0,0,0.0,0
0,0,0.01,0
1,1,100.0,1
1,1,100.0,1
1,1,100.0,1
1,1,100.0,1
0,0,0.0,0
1,1,100.0,1
0,0,0.0,0
0,0,0.0,0
0,0,0.0,0
1,1,99.99,1
0,0,0.0,0
0,0,2.19,0
0,0,0.01,0
0,0,0.0,0
0,0,0.02,0
1,1,100.0,1
1,1,100.0,1
0,0,0.0,0
1,1,99.99,1
1,1,100.0,1
0,0,0.0,0
1,1,100.0,1
0,0,0.0,0
0,0,0.0,0
0,0,0.0,0
1,1,99.95,1
0,0,0.01,0
1,1,99.99,1
0,0,0.0,0
0,0,0.0,0
1,1,100.0,1
1,1,100.0,1
0,0,0.05,0
1,1,100.0,1
0,0,0.0,0
1,1,99.98,1
1,1,100.0,1
1,1,100.0,1
0,0,0.0,0
1,1,99.99,1
0,0,0.05,0
1,1,99.99,1
0,0,0.0,0
1,1,100.0,1
1,1,99.98,1
1,1,100.0,1
1,1,99.99,1
0,0,0.0,0
0,0,0.0,0
0,0,0.01,0
0,0,0.02,0
1,1,100.0,1
0,0,0.02,0
0,0,0.0,0
0,0,0.0,0
0,0,0.0,0
1,1,99.99,1
0,0,0.0,0
1,1,99.99,1
0,0,0.01,0
0,0,0.01,0
1,1,99.99,1
1,1,99.85,1
1,1,100.0,1
1,1,100.0,1
0,0,0.0,0
1,1,100.0,1
1,1,100.0,1
0,0,0.0,0
1,1,99.98,1
1,1,99.96,1
0,0,0.01,0
1,1,100.0,1
1,1,99.99,1
1,1,99.93,1
1,1,99.47,1
0,0,0.0,0
0,0,0.23,0
1,1,100.0,1
0,0,0.0,0
0,0,0.0,0
0,0,0.0,0
1,1,99.96,1
1,1,100.0,1
1,1,99.95,1
1,1,100.0,1
1,1,99.98,1
0,0,0.01,0
1,1,100.0,1
0,0,0.0,0
1,1,100.0,1
0,0,0.02,0
0,0,0.0,0
1,1,100.0,1
0,0,0.01,0
0,0,0.0,0
1,1,100.0,1
0,0,0.0,0
1,1,100.0,1
0,0,0.0,0
0,0,0.01,0
1,1,99.98,1
1,1,100.0,1
0,0,0.03,0
0,0,0.0,0
1,1,100.0,1
1,1,100.0,1
1,1,100.0,1
1,1,99.95,1
1,1,99.81,1
1,1,99.98,1
0,0,0.0,0
1,1,99.98,1
0,0,0.0,0
0,0,0.01,0
0,0,0.0,0
0,0,0.19,0
0,0,0.0,0
0,0,0.0,0
0,0,3.29,0
1,1,99.99,1
1,1,100.0,1
0,0,0.01,0
0,0,0.0,0
1,1,99.99,1
1,1,100.0,1
1,1,100.0,1
0,0,0.0,0
0,0,0.0,0
0,0,0.0,0
1,1,100.0,1
0,0,0.0,0
0,0,0.0,0
0,0,0.0,0
0,0,0.01,0
0,0,0.02,0
0,0,0.03,0
0,0,0.0,0
1,1,100.0,1
1,1,99.86,1
0,0,0.01,0
0,0,0.0,0
1,1,100.0,1
1,1,100.0,1
1,1,100.0,1
0,0,0.01,0
1,1,99.99,1
0,0,0.01,0
1,1,100.0,1
1,1,99.85,1
0,0,0.0,0
0,0,0.02,0
1,1,100.0,1
1,1,99.99,1
0,0,0.01,0
1,1,100.0,1
1,1,99.99,1
1,1,100.0,1
0,0,0.0,0
0,0,1.41,0
0,0,0.0,0
0,0,0.08,0
0,0,0.42,0
0,0,0.0,0
1,1,97.82,1
0,0,0.0,0
1,1,100.0,1
1,1,100.0,1
0,0,0.0,0
0,0,0.0,0
1,1,99.97,1
0,0,0.0,0
0,1,67.2,1
0,0,0.01,0
0,0,0.02,0
1,1,100.0,1
1,1,100.0,1
0,0,0.01,0
0,0,0.0,0
0,0,0.02,0
0,0,0.01,0
0,0,0.0,0
1,1,100.0,1
0,0,0.0,0
0,0,0.0,0
1,1,100.0,1
0,0,0.01,0
1,1,99.98,1
0,0,0.0,0
1,1,99.99,1
0,0,0.01,0
1,1,100.0,1
0,0,0.0,0
1,1,100.0,1
1,1,100.0,1
0,0,0.0,0
1,1,99.99,1
0,0,0.0,0
0,0,0.02,0
1,1,99.99,1
0,0,0.0,0
0,0,0.0,0
0,0,0.0,0
1,1,99.99,1
1,1,99.97,1
1,1,99.99,1
0,0,0.0,0
1,1,100.0,1
1,1,99.84,1
1,1,99.99,1
0,0,0.02,0
1,1,99.99,1
0,0,0.01,0
1,1,100.0,1
0,0,0.02,0
1,1,99.1,1
0,0,0.0,0
1,1,100.0,1
1,1,99.91,1
1,1,100.0,1
0,0,0.02,0
1,1,99.59,1
1,1,100.0,1
0,0,0.0,0
1,1,100.0,1
0,0,0.0,0
1,1,99.99,1
0,0,0.0,0
0,0,0.0,0
1,1,100.0,1
1,1,99.99,1
0,0,0.0,0
0,0,0.0,0
1,1,99.98,1
0,0,0.02,0
1,1,100.0,1
1,1,100.0,1
1,1,100.0,1
0,0,0.0,0
1,1,96.14,1
1,1,99.37,1
1,1,100.0,1
1,1,99.98,1
0,0,0.0,0
0,0,0.0,0
1,1,100.0,1
0,0,0.0,0
1,1,100.0,1
1,1,100.0,1
1,1,99.97,1
1,1,100.0,1
1,1,99.99,1
1,1,99.99,1
0,0,0.01,0
1,1,99.98,1
0,0,0.01,0
0,0,0.0,0
1,1,100.0,1
1,1,100.0,1
1,1,99.99,1
1,1,99.74,1
0,0,0.0,0
0,0,0.0,0
0,0,0.0,0
0,0,0.0,0
1,1,99.94,1
0,0,0.0,0
1,1,100.0,1
0,0,0.01,0
1,1,99.99,1
0,0,0.0,0
0,0,0.0,0
0,0,0.0,0
1,1,100.0,1
0,0,0.0,0
1,1,100.0,1
1,1,100.0,1
0,0,0.05,0
1,1,99.99,1
1,1,99.94,1
1,1,100.0,1
0,0,0.0,0
1,1,100.0,1
1,1,99.95,1
1,1,100.0,1
0,0,0.0,0
1,1,99.87,1
1,1,99.99,1
1,1,100.0,1
1,1,100.0,1
1,1,99.99,1
0,0,0.0,0
1,1,100.0,1
0,0,0.0,0
0,0,0.02,0
1,1,99.99,1
0,0,0.03,0
1,1,100.0,1
1,1,99.83,1
1,1,99.9,1
1,1,100.0,1
0,0,0.01,0
1,0,3.5,0
1,1,100.0,1
1,1,99.99,1
1,1,98.38,1
1,1,100.0,1
0,0,0.0,0
1,1,100.0,1
1,1,99.89,1
0,0,0.0,0
1,0,31.67,0
1,1,100.0,1
0,0,0.0,0
1,1,100.0,1
0,0,0.0,0
1,1,99.84,1
1,1,99.99,1
1,1,100.0,1
1,1,99.99,1
1,1,99.92,1
0,0,0.01,0
0,0,0.01,0
1,1,100.0,1
0,0,0.0,0
0,0,0.0,0
1,1,100.0,1
0,0,0.0,0
0,0,0.0,0
0,0,0.0,0
0,0,0.0,0
1,1,99.98,1
0,0,0.0,0
1,1,100.0,1
1,1,98.65,1
0,0,0.0,0
1,1,99.97,1
0,0,0.0,0
1,1,100.0,1
1,1,100.0,1
0,0,10.51,0
0,0,0.0,0
1,1,99.99,1
0,0,0.12,0
1,1,100.0,1
1,1,100.0,1
1,1,100.0,1
0,0,0.02,0
1,1,99.99,1
1,1,100.0,1
1,1,99.99,1
0,0,0.0,0
0,0,0.0,0
1,1,99.99,1
0,0,0.02,0
0,0,0.0,0
1,1,100.0,1
1,1,100.0,1
1,1,99.5,1
1,1,99.95,1
0,0,0.0,0
1,1,100.0,1
1,1,100.0,1
0,0,0.01,0
1,1,99.99,1
1,1,97.48,1
1,1,100.0,1
1,1,100.0,1
0,0,0.0,0
1,1,99.98,1
1,1,99.71,1
1,1,100.0,1
1,1,99.99,1
0,0,0.03,0
1,1,99.14,1
1,1,100.0,1
0,0,0.01,0
0,0,0.0,0
1,1,100.0,1
0,0,0.03,0
1,1,99.98,1
1,1,100.0,1
1,1,100.0,1
0,0,0.0,0
0,0,0.23,0
1,1,100.0,1
0,0,0.02,0
1,1,100.0,1
0,0,0.02,0
0,0,0.0,0
0,0,0.0,0
0,0,0.02,0
1,1,99.73,1
1,1,100.0,1
0,0,0.0,0
1,1,100.0,1
0,0,0.06,0
0,0,0.0,0
1,1,100.0,1
0,0,0.0,0
1,1,100.0,1
1,1,100.0,1
0,0,0.0,0
1,1,100.0,1
1,1,100.0,1
1,1,100.0,1
1,1,100.0,1
1,1,100.0,1
0,0,0.03,0
1,1,99.84,1
1,1,100.0,1
0,0,0.0,0
0,0,0.0,0
0,0,0.24,0
1,1,99.99,1
0,0,2.6,0
1,1,100.0,1
0,0,0.0,0
1,1,84.75,1
0,0,0.0,0
0,0,0.0,0
0,0,0.0,0
1,1,99.99,1
0,0,0.0,0
1,1,100.0,1
0,0,0.0,0
1,1,100.0,1
1,1,100.0,1
0,0,0.0,0
0,0,0.0,0
0,0,0.0,0
1,1,99.99,1
0,0,0.03,0
1,1,100.0,1
1,1,100.0,1
0,0,0.0,0
1,1,99.99,1
1,1,100.0,1
0,0,0.02,0
0,0,0.0,0
1,1,100.0,1
0,0,0.12,0
1,1,99.98,1
1,1,100.0,1
1,1,100.0,1
1,1,100.0,1
1,1,100.0,1
1,1,100.0,1
1,1,100.0,1
0,0,0.0,0
1,1,100.0,1
0,0,0.5,0
1,1,100.0,1
1,1,100.0,1
0,0,0.01,0
1,1,100.0,1
1,1,99.98,1
1,1,100.0,1
1,1,100.0,1
1,1,100.0,1
0,0,0.0,0
0,0,0.0,0
1,1,99.99,1
0,0,0.01,0
0,0,0.02,0
0,0,0.0,0
1,1,99.95,1
0,0,0.0,0
1,1,100.0,1
0,0,0.02,0
0,0,0.0,0
1,1,100.0,1
0,0,0.0,0
0,0,0.01,0
0,0,0.0,0
0,0,0.0,0
0,0,0.01,0
0,0,0.03,0
1,1,99.98,1
0,0,0.02,0
0,0,0.03,0
0,0,0.0,0
0,0,0.01,0
0,0,0.0,0
1,1,99.96,1
0,1,72.35,1
0,0,0.0,0
0,0,0.0,0
0,0,0.0,0
0,0,0.05,0
1,1,100.0,1
0,0,0.0,0
1,1,99.81,1
0,0,0.0,0
1,1,100.0,1
0,0,0.0,0
0,0,0.05,0
0,0,0.0,0
1,1,99.99,1
1,1,100.0,1
0,0,0.0,0
0,0,0.31,0
0,0,0.0,0
1,1,99.95,1
0,0,0.0,0
0,0,0.02,0
1,1,100.0,1
0,0,0.01,0
1,1,100.0,1
1,1,100.0,1
0,0,0.0,0
1,1,100.0,1
1,1,99.97,1
0,0,0.0,0
1,1,100.0,1
0,0,0.24,0
1,1,100.0,1
1,1,99.87,1
1,1,99.99,1
1,1,99.99,1
1,1,100.0,1
0,0,0.0,0
1,1,100.0,1
1,1,99.75,1
1,1,100.0,1
0,0,0.0,0
1,1,100.0,1
0,0,0.0,0
1,1,100.0,1
0,0,0.0,0
0,0,0.0,0
0,0,0.04,0
0,0,0.0,0
1,1,100.0,1
1,1,99.98,1
1,1,100.0,1
1,1,100.0,1
1,1,100.0,1
0,0,0.01,0
0,0,0.0,0
1,1,100.0,1
1,1,100.0,1
0,0,0.0,0
0,0,0.0,0
0,0,0.0,0
1,1,100.0,1
1,1,99.99,1
0,0,0.0,0
1,1,100.0,1
1,1,99.98,1
1,1,100.0,1
1,1,100.0,1
1,1,100.0,1
1,1,100.0,1
1,1,100.0,1
1,1,100.0,1
1,1,100.0,1
1,1,99.99,1
1,1,99.99,1
0,0,0.0,0
0,0,0.0,0
1,1,100.0,1
1,1,100.0,1
1,1,100.0,1
0,0,0.0,0
1,1,100.0,1
1,1,100.0,1
0,0,0.0,0
0,0,0.0,0
0,0,0.0,0
1,1,100.0,1
1,1,100.0,1
1,1,100.0,1
0,0,0.0,0
1,1,100.0,1
1,1,100.0,1
1,1,99.98,1
0,0,0.13,0
0,0,0.0,0
1,1,99.95,1
0,0,0.02,0
1,1,99.99,1
1,1,100.0,1
1,1,99.76,1
1,1,99.99,1
1,1,96.72,1
1,1,99.93,1
1,1,100.0,1
0,0,0.0,0
1,1,99.99,1
1,1,99.93,1
1,1,99.97,1
0,0,0.0,0
1,1,100.0,1
1,1,100.0,1
1,1,100.0,1
1,1,99.99,1
1,1,100.0,1
1,1,100.0,1
0,0,0.01,0
1,1,99.98,1
0,0,0.0,0
1,1,100.0,1
0,0,0.0,0
1,1,100.0,1
1,1,100.0,1
0,0,0.0,0
1,1,100.0,1
1,1,100.0,1
0,0,0.0,0
1,1,100.0,1
0,0,0.0,0
1,1,100.0,1
0,0,0.0,0
0,0,0.0,0
1,1,100.0,1
0,0,0.0,0
0,0,0.01,0
0,0,0.0,0
1,1,100.0,1
1,1,100.0,1
1,1,100.0,1
0,0,0.0,0
1,1,98.68,1
1,1,100.0,1
1,1,99.98,1
0,0,0.0,0
0,0,0.03,0
1,1,100.0,1
0,0,0.01,0
1,1,99.99,1
1,1,99.82,1
1,1,100.0,1
0,1,74.5,1
1,1,99.3,1
1,1,100.0,1
0,0,0.0,0
1,1,100.0,1
0,0,0.0,0
1,1,100.0,1
1,1,100.0,1
0,0,0.02,0
1,1,99.96,1
0,0,0.0,0
0,0,0.01,0
1,1,100.0,1
0,0,0.0,0
0,0,0.0,0
0,0,0.0,0
1,1,99.77,1
1,1,99.97,1
1,1,100.0,1
1,1,99.83,1
1,1,99.99,1
0,0,0.01,0
1,1,99.47,1
0,0,0.0,0
1,1,99.95,1
1,1,99.99,1
1,1,100.0,1
1,1,99.99,1
1,1,100.0,1
0,0,0.01,0
1,1,100.0,1
1,1,100.0,1
0,0,0.0,0
1,1,99.99,1
1,1,100.0,1
0,0,0.02,0
1,1,99.99,1
1,1,99.99,1
1,1,99.99,1
0,0,0.0,0
0,0,0.0,0
1,1,100.0,1
0,0,0.0,0
1,1,100.0,1
0,0,0.0,0
1,1,99.95,1
1,1,99.99,1
1,1,100.0,1
0,0,0.0,0
0,0,0.0,0
0,0,0.01,0
1,1,99.99,1
1,1,100.0,1
1,1,99.95,1
0,0,0.0,0
1,1,99.97,1
1,1,100.0,1
1,1,99.99,1
1,1,99.99,1
0,0,0.3,0
1,1,99.99,1
1,1,99.98,1
1,1,99.99,1
0,0,0.0,0
1,1,99.92,1
0,0,0.0,0
0,0,0.0,0
0,0,0.0,0
0,0,0.05,0
0,0,0.0,0
0,0,0.5,0
1,1,99.59,1
0,0,0.0,0
0,0,0.02,0
0,0,0.0,0
0,0,0.0,0
1,1,100.0,1
0,0,0.01,0
1,1,100.0,1
1,1,98.6,1
1,1,99.99,1
1,1,100.0,1
1,1,100.0,1
0,0,0.0,0
0,0,0.0,0
0,0,0.02,0
0,0,0.01,0
0,0,0.36,0
0,0,0.0,0
0,0,0.0,0
0,0,0.0,0
1,1,100.0,1
0,0,0.0,0
0,0,0.0,0
0,0,0.0,0
1,1,99.99,1
0,0,0.02,0
1,1,99.96,1
1,1,100.0,1
0,0,0.0,0
1,1,100.0,1
1,1,99.98,1
1,1,99.99,1
1,1,99.99,1
0,0,1.99,0
0,0,0.0,0
0,0,0.0,0
0,0,0.0,0
1,1,100.0,1
1,1,100.0,1
1,1,100.0,1
1,1,100.0,1
0,0,0.0,0
1,1,99.98,1
0,0,0.0,0
1,1,100.0,1
1,1,100.0,1
1,1,100.0,1
0,0,0.0,0
1,1,100.0,1
1,1,100.0,1
0,0,0.04,0
0,0,0.01,0
0,0,0.0,0
1,1,100.0,1
0,0,0.01,0
1,1,99.99,1
0,0,0.0,0
0,0,0.03,0
0,0,0.0,0
0,0,0.0,0
1,1,100.0,1
0,0,0.0,0
0,0,0.01,0
1,1,100.0,1
1,1,100.0,1
1,1,100.0,1
0,0,0.0,0
0,0,0.01,0
0,0,0.0,0
0,0,0.0,0
1,1,100.0,1
0,0,0.0,0
1,1,100.0,1
0,0,0.0,0
0,0,0.0,0
1,1,100.0,1
0,0,0.0,0
0,0,0.0,0
1,1,100.0,1
1,1,100.0,1
0,0,0.0,0
0,0,0.02,0
1,1,100.0,1
0,0,0.0,0
0,0,0.05,0
0,0,0.02,0
0,0,0.0,0
0,0,0.0,0
1,1,99.99,1
1,1,100.0,1
1,1,100.0,1
0,0,0.0,0
1,1,99.78,1
0,0,0.0,0
0,0,0.01,0
1,1,100.0,1
1,1,99.96,1
0,0,0.0,0
0,0,0.02,0
0,0,0.02,0
1,1,100.0,1
1,1,100.0,1
0,0,0.01,0
0,0,0.03,0
1,1,100.0,1
0,0,0.0,0
0,0,0.02,0
0,0,0.0,0
0,0,0.01,0
1,1,100.0,1
0,0,0.01,0
0,0,0.02,0
1,1,100.0,1
0,0,0.02,0
1,1,100.0,1
1,1,100.0,1
1,1,100.0,1
1,1,99.99,1
0,0,0.0,0
1,1,100.0,1
1,1,100.0,1
1,1,100.0,1
0,0,0.0,0
1,1,100.0,1
0,0,0.0,0
0,0,0.62,0
1,1,100.0,1
1,1,99.98,1
1,1,100.0,1
0,0,0.21,0
1,1,99.99,1
1,1,99.97,1
0,0,0.0,0
1,1,99.99,1
0,0,0.02,0
1,1,99.99,1
1,1,100.0,1
1,1,100.0,1
1,1,100.0,1
0,0,0.01,0
1,1,99.97,1
1,1,99.97,1
1,1,100.0,1
1,1,100.0,1
1,1,100.0,1
1,1,100.0,1
1,1,99.99,1
0,0,0.01,0
1,1,99.97,1
1,1,100.0,1
1,1,99.99,1
0,0,0.0,0
0,0,0.0,0
0,0,0.0,0
0,0,0.08,0
1,1,99.98,1
1,1,99.9,1
1,1,99.94,1
1,1,100.0,1
1,1,100.0,1
1,1,99.06,1
1,1,100.0,1
1,1,99.98,1
1,1,100.0,1
1,1,100.0,1
1,1,100.0,1
0,0,0.0,0
1,1,100.0,1
0,0,0.0,0
1,1,100.0,1
0,0,0.0,0
0,0,0.01,0
1,1,100.0,1
1,1,100.0,1
1,1,99.99,1
1,1,100.0,1
0,0,0.0,0
0,0,0.0,0
1,1,100.0,1
1,1,99.99,1
1,1,99.98,1
1,1,99.85,1
0,0,0.03,0
1,1,99.99,1
0,0,0.0,0
1,1,100.0,1
0,0,0.02,0
0,0,0.0,0
1,1,100.0,1
1,1,100.0,1
0,0,0.0,0
0,0,0.02,0
1,1,100.0,1
1,1,99.99,1
1,1,99.99,1
1,1,99.98,1
1,1,100.0,1
0,0,0.0,0
1,1,100.0,1
1,1,100.0,1
1,1,100.0,1
0,0,0.0,0
0,0,0.0,0
1,1,100.0,1
0,0,0.0,0
0,0,0.0,0
0,0,0.0,0
0,0,0.02,0
1,1,100.0,1
1,1,100.0,1
1,1,99.99,1
1,1,100.0,1
1,1,100.0,1
1,1,99.99,1
1,1,99.64,1
0,0,0.01,0
0,0,0.05,0
1,1,100.0,1
1,1,99.97,1
1,1,99.99,1
0,0,0.0,0
0,0,0.0,0
0,0,0.0,0
1,1,100.0,1
0,0,0.01,0
0,0,0.0,0
0,0,0.0,0
1,1,98.69,1
1,1,100.0,1
0,0,0.05,0
1,1,100.0,1
1,1,100.0,1
1,1,99.98,1
0,0,0.01,0
0,0,0.01,0
1,1,99.99,1
1,1,99.99,1
1,1,99.99,1
0,0,0.01,0
1,1,99.99,1
0,0,0.01,0
0,0,0.0,0
1,1,99.73,1
1,1,100.0,1
0,0,0.0,0
0,0,0.0,0
0,0,0.0,0
1,1,99.99,1
0,0,0.0,0
0,0,0.0,0
0,0,0.02,0
1,1,100.0,1
1,1,100.0,1
0,0,0.0,0
1,1,99.99,1
1,1,99.93,1
0,0,0.0,0
1,1,100.0,1
1,1,99.95,1
0,0,0.0,0
1,1,99.99,1
1,1,99.98,1
0,0,0.01,0
1,1,99.98,1
1,1,99.98,1
1,1,99.98,1
1,1,100.0,1
1,1,100.0,1
1,1,96.62,1
0,0,0.01,0
0,0,0.01,0
0,0,0.0,0
1,1,100.0,1
1,1,99.99,1
0,0,0.0,0
0,0,0.01,0
0,0,0.0,0
1,1,99.25,1
0,0,0.0,0
0,0,0.16,0
1,1,99.99,1
1,1,99.83,1
1,1,99.97,1
1,1,99.67,1
0,0,0.07,0
0,0,0.02,0
1,1,99.99,1
1,1,99.99,1
0,0,0.0,0
0,0,0.0,0
1,1,99.97,1
1,1,99.99,1
0,0,0.01,0
1,1,100.0,1
1,1,100.0,1
0,0,0.0,0
0,0,0.02,0
1,1,100.0,1
1,1,99.99,1
1,1,100.0,1
1,1,99.99,1
0,0,0.02,0
1,1,99.99,1
0,0,0.02,0
0,0,0.0,0
0,0,0.02,0
1,1,99.99,1
1,1,99.98,1
1,1,99.98,1
0,0,0.0,0
1,1,99.99,1
1,1,99.99,1
1,1,100.0,1
1,1,100.0,1
0,0,0.01,0
1,1,99.99,1
0,0,0.01,0
1,1,99.53,1
0,0,0.0,0
1,1,99.98,1
0,0,0.0,0
1,1,98.83,1
1,1,100.0,1
1,1,99.47,1
1,1,100.0,1
1,1,100.0,1
1,1,100.0,1
0,0,0.0,0
0,0,0.0,0
1,1,100.0,1
0,0,0.0,0
0,0,0.0,0
1,1,100.0,1
0,0,0.0,0
1,1,99.99,1
1,1,99.94,1
1,1,100.0,1
0,0,0.0,0
0,0,0.0,0
0,0,0.0,0
0,0,0.0,0
0,0,0.0,0
1,1,100.0,1
0,0,0.0,0
0,0,0.0,0
1,1,100.0,1
1,1,99.85,1
1,1,100.0,1
0,0,0.02,0
0,0,0.45,0
1,1,100.0,1
1,1,95.05,1
1,1,99.99,1
0,0,0.0,0
1,1,100.0,1
1,1,100.0,1
0,0,0.0,0
1,1,100.0,1
1,1,100.0,1
0,0,0.03,0
1,1,99.98,1
0,0,0.0,0
1,1,99.92,1
0,0,0.03,0
0,0,0.0,0
0,0,0.05,0
1,1,100.0,1
1,1,100.0,1
0,0,0.0,0
0,0,0.02,0
0,0,0.0,0
0,0,0.0,0
0,0,0.03,0
0,0,0.0,0
1,1,99.96,1
0,0,0.0,0
1,1,100.0,1
1,1,100.0,1
0,0,0.0,0
0,0,0.02,0
1,1,100.0,1
1,1,100.0,1
0,0,0.0,0
0,0,0.0,0
1,1,99.99,1
0,0,0.01,0
0,0,0.0,0
0,0,0.02,0
0,0,0.02,0
0,0,0.03,0
0,0,0.0,0
1,1,99.52,1
1,1,99.99,1
1,1,100.0,1
0,0,0.0,0
1,1,100.0,1
0,0,0.0,0
1,1,100.0,1
0,0,0.01,0
0,0,0.0,0
1,1,100.0,1
0,0,0.01,0
1,1,100.0,1
0,0,0.01,0
0,0,0.0,0
0,0,0.0,0
1,1,100.0,1
0,0,0.0,0
1,1,100.0,1
0,0,0.01,0
1,1,100.0,1
0,0,0.0,0
1,1,100.0,1
1,1,100.0,1
0,0,0.0,0
0,0,0.01,0
1,1,100.0,1
0,0,0.05,0
1,1,99.98,1
1,1,100.0,1
1,1,100.0,1
0,0,0.0,0
1,1,100.0,1
0,0,0.0,0
1,1,100.0,1
0,0,0.0,0
0,0,0.02,0
1,1,100.0,1
0,0,0.0,0
1,1,100.0,1
1,1,100.0,1
1,1,100.0,1
0,0,0.0,0
0,0,0.0,0
0,0,0.0,0
0,0,0.0,0
1,1,100.0,1
0,0,0.0,0
0,0,0.0,0
0,0,0.01,0
1,1,100.0,1
0,0,0.0,0
0,0,0.0,0
1,1,100.0,1
1,1,100.0,1
0,0,0.0,0
0,0,0.49,0
1,1,99.73,1
0,0,0.0,0
1,1,99.99,1
0,0,0.01,0
1,1,100.0,1
1,1,100.0,1
0,0,0.05,0
0,0,0.0,0
1,1,100.0,1
0,0,1.7,0
1,1,98.37,1
0,0,0.01,0
1,1,99.94,1
0,0,0.0,0
0,0,0.0,0
1,1,100.0,1
0,0,0.02,0
1,1,99.14,1
1,1,99.95,1
1,1,100.0,1
1,1,100.0,1
0,0,0.01,0
0,0,0.0,0
0,0,0.0,0
1,1,100.0,1
1,1,100.0,1
0,0,0.0,0
0,0,0.01,0
0,0,0.0,0
0,0,0.01,0
1,1,99.84,1
0,0,0.0,0
1,1,99.98,1
0,0,0.01,0
1,1,100.0,1
1,0,12.62,0
0,0,0.01,0
1,1,100.0,1
0,0,0.0,0
0,0,0.0,0
1,1,100.0,1
1,1,100.0,1
1,1,100.0,1
1,1,100.0,1
0,0,0.0,0
0,0,0.0,0
0,0,3.18,0
0,0,0.0,0
0,0,0.0,0
0,0,0.0,0
1,1,99.56,1
0,0,0.12,0
0,0,0.0,0
0,0,0.03,0
0,0,0.0,0
0,0,2.29,0
1,1,100.0,1
0,0,0.0,0
1,1,100.0,1
1,1,100.0,1
0,0,0.0,0
0,0,0.0,0
1,1,99.99,1
0,0,0.0,0
1,1,99.98,1
1,1,100.0,1
0,0,0.24,0
0,0,0.0,0
1,1,100.0,1
0,0,0.0,0
0,0,0.0,0
0,0,0.02,0
1,1,100.0,1
0,0,0.0,0
1,1,100.0,1
1,1,100.0,1
1,1,99.95,1
1,1,99.86,1
1,1,100.0,1
1,1,100.0,1
1,1,100.0,1
0,0,0.0,0
1,1,99.93,1
0,0,0.0,0
1,1,99.93,1
1,1,99.99,1
1,1,99.99,1
1,1,99.99,1
0,0,0.0,0
0,0,0.0,0
1,1,99.99,1
0,0,0.0,0
0,0,0.32,0
0,0,0.01,0
1,1,99.8,1
1,1,99.94,1
1,1,99.88,1
0,0,0.0,0
0,0,0.01,0
1,1,100.0,1
0,0,0.0,0
0,0,0.0,0
0,0,0.0,0
1,1,100.0,1
1,1,100.0,1
1,1,98.99,1
1,1,99.99,1
0,0,0.0,0
1,1,98.62,1
1,1,99.97,1
1,1,100.0,1
1,1,100.0,1
0,0,0.01,0
1,1,100.0,1
0,0,0.0,0
1,1,100.0,1
0,0,0.0,0
1,1,100.0,1
1,1,100.0,1
1,1,100.0,1
0,0,0.0,0
0,0,0.01,0
1,1,100.0,1
1,1,99.98,1
1,1,100.0,1
0,0,0.0,0
0,0,0.01,0
1,1,100.0,1
0,0,0.0,0
1,1,100.0,1
1,1,100.0,1
0,0,0.0,0
1,1,100.0,1
1,1,99.99,1
1,1,100.0,1
0,0,0.0,0
1,1,100.0,1
1,1,99.99,1
1,1,99.98,1
0,0,0.0,0
1,1,100.0,1
0,0,0.0,0
1,1,100.0,1
0,0,0.0,0
0,1,98.37,1
0,0,0.0,0
0,0,0.01,0
0,0,0.01,0
1,1,99.99,1
1,1,99.99,1
0,0,0.63,0
1,1,100.0,1
1,1,100.0,1
0,0,0.0,0
0,0,0.0,0
1,1,100.0,1
1,1,100.0,1
1,1,100.0,1
0,0,0.0,0
0,0,0.0,0
0,0,0.01,0
0,0,0.0,0
0,0,0.0,0
1,1,100.0,1
0,0,0.0,0
1,1,100.0,1
1,1,99.88,1
1,1,99.99,1
0,0,0.0,0
1,1,100.0,1
0,0,0.0,0
1,1,100.0,1
0,0,1.98,0
0,0,0.0,0
0,0,0.0,0
0,0,0.0,0
1,1,99.63,1
1,1,100.0,1
0,0,0.02,0
1,1,100.0,1
0,0,0.0,0
0,0,0.0,0
1,1,100.0,1
0,0,0.04,0
0,0,0.0,0
0,0,0.02,0
1,1,99.8,1
1,1,99.99,1
1,1,100.0,1
0,0,0.03,0
1,1,100.0,1
1,1,100.0,1
1,1,99.99,1
1,1,100.0,1
1,1,100.0,1
1,1,100.0,1
0,0,0.0,0
1,1,100.0,1
1,1,100.0,1
0,0,0.0,0
1,1,100.0,1
1,1,99.99,1
1,1,100.0,1
1,1,100.0,1
1,1,100.0,1
0,0,0.0,0
0,0,0.0,0
1,1,99.72,1
1,1,100.0,1
1,1,100.0,1
0,0,0.19,0
0,0,0.0,0
0,0,0.05,0
1,1,100.0,1
0,0,0.01,0
0,0,0.0,0
0,0,0.0,0
1,1,100.0,1
1,1,100.0,1
1,1,100.0,1
0,0,0.0,0
0,0,0.11,0
1,1,99.9,1
0,0,0.0,0
1,1,99.81,1
1,1,100.0,1
0,0,0.0,0
0,0,0.0,0
0,0,0.0,0
0,0,0.0,0
1,1,100.0,1
0,0,0.01,0
1,1,100.0,1
1,1,100.0,1
0,0,0.0,0
1,1,93.57,1
1,1,100.0,1
1,1,100.0,1
0,0,0.0,0
1,1,100.0,1
1,1,100.0,1
1,1,99.94,1
0,0,0.0,0
0,0,0.01,0
0,0,0.0,0
1,1,99.88,1
1,1,100.0,1
0,0,0.02,0
0,0,0.0,0
0,0,0.0,0
0,0,0.0,0
0,0,0.0,0
1,1,99.99,1
1,1,100.0,1
0,0,0.0,0
1,1,99.99,1
1,1,100.0,1
1,1,100.0,1
0,0,0.0,0
0,0,0.01,0
1,1,99.98,1
0,0,0.01,0
0,0,0.03,0
0,0,0.0,0
0,0,0.0,0
1,1,100.0,1
1,1,100.0,1
1,1,99.99,1
1,1,99.89,1
1,1,99.99,1
1,1,100.0,1
0,0,0.0,0
1,1,59.8,1
1,1,100.0,1
1,1,100.0,1
0,0,0.0,0
0,0,0.01,0
1,1,100.0,1
0,0,0.0,0
1,1,100.0,1
1,1,100.0,1
1,1,100.0,1
0,0,0.0,0
1,1,100.0,1
1,1,100.0,1
0,0,0.13,0
1,1,99.99,1
1,1,99.78,1
1,1,100.0,1
1,1,100.0,1
0,0,0.01,0
0,0,0.01,0
0,0,0.0,0
0,0,0.0,0
0,0,0.0,0
0,0,0.0,0
1,1,99.99,1
0,0,0.01,0
0,0,0.0,0
1,1,100.0,1
0,0,0.0,0
1,1,99.97,1
0,0,0.02,0
0,0,0.02,0
0,0,0.0,0
0,0,0.01,0
0,0,0.0,0
0,0,0.0,0
0,0,0.01,0
0,0,0.0,0
0,0,0.01,0
1,1,99.99,1
1,1,100.0,1
0,0,0.0,0
1,1,100.0,1
0,0,0.03,0
1,1,100.0,1
0,0,0.0,0
0,0,0.01,0
0,0,0.0,0
0,0,0.02,0
0,0,0.01,0
0,0,0.0,0
0,0,0.02,0
1,1,100.0,1
0,0,0.0,0
1,1,100.0,1
1,1,100.0,1
1,1,100.0,1
1,1,100.0,1
1,1,99.98,1
1,1,100.0,1
1,1,100.0,1
1,1,100.0,1
0,0,0.0,0
0,0,0.0,0
0,0,0.0,0
0,0,0.03,0
0,0,0.0,0
0,0,0.02,0
0,0,0.12,0
1,1,100.0,1
0,0,0.0,0
0,0,0.0,0
0,0,0.0,0
0,0,0.0,0
0,0,0.02,0
1,1,100.0,1
0,0,0.0,0
1,1,99.99,1
1,1,99.99,1
1,1,98.43,1
0,0,0.06,0
0,0,0.25,0
0,0,0.0,0
0,0,0.01,0
1,1,100.0,1
0,0,0.0,0
1,1,100.0,1
0,0,0.01,0
0,0,0.02,0
1,1,99.99,1
1,1,100.0,1
0,0,0.02,0
0,0,0.01,0
1,1,100.0,1
0,0,0.0,0
1,1,99.99,1
1,1,99.66,1
1,1,99.9,1
1,1,100.0,1
0,0,0.0,0
1,1,100.0,1
0,0,0.0,0
0,0,0.01,0
0,0,0.0,0
1,1,100.0,1
0,0,0.0,0
0,0,0.01,0
0,0,0.0,0
0,0,0.0,0
0,0,0.03,0
1,1,99.94,1
0,0,0.0,0
0,0,0.0,0
0,0,0.0,0
0,0,0.01,0
0,0,0.0,0
1,1,100.0,1
0,0,0.0,0
1,1,100.0,1
1,1,100.0,1
1,1,100.0,1
1,1,99.99,1
0,0,0.02,0
1,1,99.54,1
0,0,0.0,0
0,0,0.0,0
1,1,98.87,1
0,0,0.0,0
1,1,100.0,1
1,1,99.99,1
1,1,99.99,1
1,1,99.98,1
0,0,0.0,0
1,1,100.0,1
0,0,0.8,0
0,0,0.0,0
0,0,0.0,0
1,1,99.99,1
0,0,0.02,0
1,1,99.99,1
1,1,100.0,1
1,1,100.0,1
0,0,0.0,0
0,0,0.0,0
1,1,100.0,1
0,0,0.0,0
0,0,0.0,0
1,1,100.0,1
1,1,100.0,1
1,1,93.05,1
0,0,0.01,0
1,1,99.96,1
0,0,0.0,0
0,0,0.0,0
1,1,99.95,1
1,1,100.0,1
1,1,100.0,1
1,1,99.98,1
1,1,99.79,1
1,1,99.99,1
0,0,0.0,0
0,0,0.01,0
1,1,100.0,1
0,0,0.01,0
0,0,0.0,0
0,0,0.0,0
0,0,0.0,0
0,0,0.0,0
1,1,100.0,1
0,0,0.02,0
1,1,100.0,1
1,1,100.0,1
0,0,0.0,0
0,0,0.0,0
1,1,100.0,1
0,0,0.0,0
1,1,99.99,1
1,1,100.0,1
0,0,0.0,0
1,1,100.0,1
1,1,99.15,1
1,1,99.94,1
1,1,99.99,1
0,0,0.0,0
0,0,0.0,0
1,1,100.0,1
0,0,0.0,0
1,1,100.0,1
0,0,0.0,0
0,0,0.0,0
1,1,100.0,1
1,1,99.98,1
0,0,0.0,0
0,0,0.0,0
0,0,0.0,0
0,0,0.02,0
1,1,99.96,1
0,0,0.13,0
1,1,100.0,1
1,1,100.0,1
0,0,0.02,0
0,0,0.0,0
0,0,0.0,0
0,0,0.0,0
1,1,99.95,1
1,1,100.0,1
0,0,0.03,0
1,1,100.0,1
0,0,0.02,0
1,1,100.0,1
0,0,0.02,0
0,0,0.01,0
0,0,0.0,0
0,0,0.0,0
1,1,100.0,1
1,1,97.86,1
0,0,5.02,0
1,1,99.99,1
0,0,0.02,0
1,1,100.0,1
1,1,99.99,1
0,0,0.0,0
0,0,0.0,0
0,0,0.0,0
0,0,0.0,0
0,0,0.0,0
0,0,0.99,0
1,1,100.0,1
1,1,99.99,1
0,0,0.0,0
1,1,100.0,1
1,1,99.99,1
1,1,100.0,1
0,0,0.03,0
0,0,0.0,0
0,0,0.0,0
0,0,0.0,0
1,1,100.0,1
1,1,99.64,1
1,1,99.48,1
1,1,100.0,1
1,1,99.99,1
1,1,100.0,1
0,0,0.0,0
1,1,100.0,1
0,0,0.0,0
0,0,0.04,0
1,1,100.0,1
1,1,100.0,1
0,0,0.0,0
0,0,37.55,0
1,1,99.99,1
1,1,100.0,1
1,1,99.99,1
0,0,0.0,0
1,1,100.0,1
1,1,100.0,1
0,0,0.0,0
0,0,0.02,0
1,1,100.0,1
0,1,57.15,1
1,1,99.99,1
1,1,99.95,1
0,0,8.21,0
0,0,0.01,0
1,1,100.0,1
1,1,100.0,1
0,0,0.02,0
0,0,0.45,0
1,1,100.0,1
1,1,100.0,1
1,1,100.0,1
0,0,0.0,0
0,0,0.0,0
1,1,100.0,1
1,1,100.0,1
1,1,100.0,1
0,0,0.12,0
0,0,0.01,0
0,0,0.0,0
1,1,99.98,1
1,1,99.9,1
0,0,0.01,0
1,1,100.0,1
0,0,0.0,0
0,0,0.03,0
0,0,0.0,0
0,0,0.0,0
1,1,100.0,1
0,0,0.01,0
0,0,0.01,0
1,1,99.99,1
1,1,99.99,1
0,0,0.0,0
1,1,100.0,1
0,0,0.0,0
0,0,0.0,0
1,1,100.0,1
1,1,100.0,1
1,1,99.99,1
0,0,0.0,0
1,1,97.0,1
1,1,100.0,1
1,1,100.0,1
0,0,0.0,0
1,1,99.97,1
1,1,100.0,1
1,1,100.0,1
1,1,99.86,1
0,0,0.0,0
0,0,0.01,0
0,0,0.0,0
0,0,0.01,0
1,1,100.0,1
0,0,0.0,0
1,1,99.77,1
1,1,100.0,1
0,0,0.0,0
0,0,0.08,0
1,1,99.97,1
1,1,99.87,1
1,1,100.0,1
1,1,100.0,1
0,0,0.0,0
0,0,0.0,0
1,1,100.0,1
1,1,100.0,1
1,1,99.92,1
1,1,99.99,1
1,1,100.0,1
1,1,100.0,1
1,1,100.0,1
0,0,0.0,0
1,1,100.0,1
0,0,0.0,0
0,0,0.0,0
0,0,0.04,0
1,1,100.0,1
0,0,0.0,0
0,0,0.0,0
1,1,99.91,1
1,1,95.98,1
1,1,99.99,1
1,1,99.97,1
1,1,98.53,1
1,1,100.0,1
0,0,0.0,0
1,1,99.9,1
0,0,0.0,0
0,0,0.0,0
1,1,100.0,1
1,1,100.0,1
1,1,100.0,1
0,0,0.01,0
0,0,0.0,0
1,1,99.99,1
0,0,0.02,0
1,1,100.0,1
1,1,100.0,1
1,1,100.0,1
0,0,0.0,0
0,0,0.0,0
1,1,99.96,1
1,1,100.0,1
0,0,0.0,0
1,1,99.76,1
0,0,0.0,0
0,0,0.0,0
0,0,0.04,0
0,0,1.19,0
1,1,99.95,1
0,0,0.0,0
1,1,100.0,1
1,1,100.0,1
0,0,0.0,0
1,1,100.0,1
1,1,99.99,1
0,0,0.0,0
1,1,99.98,1
1,1,99.68,1
1,1,100.0,1
0,0,0.19,0
1,1,100.0,1
1,1,100.0,1
0,0,0.0,0
0,0,0.0,0
0,0,0.0,0
0,0,0.05,0
0,0,0.0,0
1,1,99.99,1
0,0,0.01,0
0,0,0.0,0
1,1,100.0,1
0,0,0.0,0
0,0,0.0,0
1,0,1.61,0
0,0,0.0,0
1,1,100.0,1
1,1,99.99,1
0,0,0.22,0
1,1,99.91,1
0,0,0.0,0
1,1,100.0,1
1,1,100.0,1
1,1,100.0,1
1,1,100.0,1
0,0,0.0,0
0,0,0.0,0
0,0,0.0,0
0,0,0.0,0
0,0,0.0,0
1,1,100.0,1
0,0,0.03,0
0,0,0.0,0
0,0,10.01,0
1,1,100.0,1
1,1,100.0,1
0,0,0.04,0
0,0,0.03,0
1,1,100.0,1
0,0,0.01,0
1,1,99.99,1
0,0,0.0,0
0,0,0.02,0
1,1,99.77,1
0,0,0.0,0
1,1,100.0,1
1,1,99.99,1
1,1,100.0,1
1,1,99.99,1
0,0,2.49,0
1,1,100.0,1
0,0,0.04,0
1,1,100.0,1
1,1,98.61,1
1,1,100.0,1
0,0,0.01,0
0,0,0.0,0
1,1,100.0,1
0,0,0.0,0
1,1,100.0,1
0,0,0.0,0
0,0,0.0,0
1,1,99.99,1
0,0,0.01,0
0,0,0.0,0
1,1,100.0,1
1,1,100.0,1
0,0,0.0,0
0,0,0.0,0
1,1,99.98,1
0,0,0.12,0
0,0,0.04,0
0,0,0.02,0
0,0,0.0,0
0,0,0.0,0
0,0,0.13,0
1,1,100.0,1
0,0,0.0,0
0,0,0.01,0
1,1,100.0,1
0,0,1.41,0
0,0,0.0,0
1,1,100.0,1
0,0,0.0,0
0,0,0.0,0
1,1,100.0,1
0,0,0.01,0
0,0,0.0,0
0,0,0.0,0
1,1,100.0,1
0,0,0.0,0
1,1,100.0,1
1,1,99.98,1
1,1,100.0,1
0,0,0.02,0
0,0,0.02,0
0,0,0.0,0
1,1,100.0,1
1,1,100.0,1
0,0,0.0,0
1,1,100.0,1
1,1,100.0,1
1,1,100.0,1
0,0,0.07,0
0,0,9.88,0
1,1,99.9,1
1,1,100.0,1
0,0,0.01,0
1,1,100.0,1
1,1,99.27,1
0,0,0.0,0
1,1,100.0,1
0,0,0.0,0
1,1,100.0,1
0,0,0.0,0
1,1,100.0,1
0,0,0.02,0
0,0,0.0,0
1,1,100.0,1
1,1,100.0,1
0,0,0.0,0
0,0,0.05,0
1,1,99.93,1
1,1,100.0,1
0,0,0.02,0
0,0,0.0,0
1,1,100.0,1
1,1,100.0,1
1,1,100.0,1
1,1,100.0,1
1,1,99.97,1
0,0,0.0,0
0,0,0.0,0
0,0,0.0,0
1,1,100.0,1
1,1,100.0,1
1,1,100.0,1
0,0,0.0,0
0,0,0.0,0
0,0,0.0,0
0,0,0.0,0
0,0,0.01,0
1,1,99.54,1
0,0,0.0,0
0,0,0.0,0
0,0,0.02,0
0,0,0.0,0
0,0,0.19,0
0,0,0.0,0
1,1,100.0,1
1,1,100.0,1
1,1,100.0,1
1,1,100.0,1
1,1,99.99,1
0,0,0.0,0
0,0,0.0,0
1,1,99.98,1
0,0,0.0,0
1,1,99.97,1
0,0,0.0,0
0,0,0.0,0
1,1,99.96,1
1,1,100.0,1
0,0,0.0,0
1,1,99.99,1
1,1,99.99,1
1,1,100.0,1
1,1,100.0,1
0,0,0.03,0
0,0,2.47,0
0,0,0.0,0
1,1,100.0,1
0,0,0.01,0
0,0,0.0,0
0,0,0.0,0
1,1,99.99,1
1,1,100.0,1
1,1,100.0,1
0,0,0.0,0
0,0,0.04,0
0,0,0.0,0
1,1,100.0,1
1,1,100.0,1
1,1,100.0,1
1,1,100.0,1
1,1,100.0,1
0,0,0.0,0
1,1,100.0,1
1,1,99.81,1
1,1,100.0,1
1,1,99.96,1
0,0,0.0,0
0,0,0.0,0
1,1,100.0,1
1,1,99.98,1
1,1,100.0,1
1,1,99.79,1
1,1,100.0,1
1,1,100.0,1
1,1,100.0,1
0,0,0.1,0
1,1,100.0,1
0,0,0.01,0
1,1,99.79,1
0,0,0.0,0
0,0,0.0,0
0,0,0.0,0
1,1,99.99,1
0,0,0.06,0
1,1,99.26,1
0,0,0.0,0
0,0,0.0,0
0,0,0.0,0
0,0,0.03,0
1,1,99.99,1
0,0,0.02,0
1,1,99.99,1
1,1,99.99,1
1,1,99.99,1
1,1,99.78,1
0,0,0.0,0
1,1,99.97,1
1,1,100.0,1
1,1,100.0,1
1,1,100.0,1
1,1,100.0,1
1,1,100.0,1
0,0,0.0,0
0,0,0.0,0
0,0,0.01,0
0,0,0.02,0
1,1,99.89,1
0,0,0.0,0
0,0,0.02,0
1,1,100.0,1
1,1,99.96,1
1,1,100.0,1
1,1,100.0,1
1,1,99.17,1
0,0,0.0,0
0,0,0.0,0
0,0,0.0,0
1,1,100.0,1
1,1,99.99,1
1,1,99.97,1
0,1,64.95,1
0,0,0.0,0
1,1,100.0,1
1,1,100.0,1
1,1,99.37,1
1,1,100.0,1
1,1,100.0,1
0,0,0.01,0
1,1,99.75,1
0,0,0.0,0
1,1,100.0,1
1,1,99.99,1
0,0,0.02,0
0,0,0.01,0
1,1,100.0,1
1,1,99.99,1
1,1,99.83,1
0,0,0.0,0
1,1,100.0,1
1,1,100.0,1
1,1,100.0,1
1,1,99.96,1
1,1,100.0,1
1,1,100.0,1
0,0,0.0,0
1,1,99.98,1
0,0,0.0,0
1,1,99.28,1
1,1,100.0,1
1,1,99.72,1
1,1,100.0,1
0,0,0.0,0
0,0,0.0,0
0,0,0.0,0
1,1,100.0,1
1,1,99.99,1
1,1,100.0,1
1,1,100.0,1
1,1,100.0,1
0,0,0.0,0
1,1,100.0,1
1,1,99.96,1
1,1,99.93,1
0,0,0.01,0
0,0,0.48,0
0,0,0.0,0
1,1,100.0,1
0,0,0.0,0
0,0,0.02,0
1,1,100.0,1
1,1,99.99,1
0,0,0.0,0
1,1,100.0,1
1,1,99.98,1
0,0,0.14,0
0,0,0.02,0
1,1,99.99,1
1,1,61.52,1
0,0,0.0,0
0,0,0.0,0
0,0,0.03,0
1,1,99.77,1
0,0,0.04,0
1,1,99.98,1
1,1,100.0,1
0,0,0.03,0
0,0,0.01,0
0,0,0.0,0
0,0,0.0,0
1,1,99.96,1
0,1,97.61,1
1,1,100.0,1
1,1,99.91,1
1,1,100.0,1
1,1,100.0,1
1,1,100.0,1
1,1,99.67,1
1,1,100.0,1
1,1,100.0,1
1,1,100.0,1
0,0,0.0,0
1,1,100.0,1
1,1,99.99,1
0,0,0.04,0
1,1,100.0,1
1,1,99.98,1
1,1,100.0,1
1,1,100.0,1
1,1,100.0,1
0,0,0.0,0
1,1,100.0,1
0,0,0.02,0
1,1,100.0,1
0,0,0.0,0
0,0,0.01,0
0,0,0.44,0
0,0,0.0,0
1,1,100.0,1
1,1,100.0,1
0,0,0.0,0
0,0,0.0,0
1,1,100.0,1
0,0,0.0,0
1,1,100.0,1
0,0,0.0,0
1,1,100.0,1
1,1,100.0,1
0,0,0.0,0
1,1,99.99,1
1,1,100.0,1
0,0,0.0,0
0,0,0.0,0
0,0,0.0,0
0,0,0.0,0
1,1,100.0,1
1,1,99.97,1
1,1,99.99,1
0,0,0.0,0
0,0,0.0,0
1,1,100.0,1
1,1,99.99,1
1,1,100.0,1
0,0,0.05,0
0,0,0.0,0
1,1,100.0,1
0,0,0.0,0
0,0,0.0,0
1,1,100.0,1
1,1,100.0,1
0,0,0.0,0
0,0,0.0,0
1,1,100.0,1
0,0,0.01,0
1,1,100.0,1
0,0,0.21,0
0,0,0.0,0
1,1,99.85,1
1,1,99.97,1
1,1,100.0,1
1,1,100.0,1
1,1,99.94,1
1,1,100.0,1
0,0,0.01,0
0,0,0.01,0
0,0,0.0,0
1,1,99.95,1
0,0,0.0,0
1,1,99.84,1
0,0,0.0,0
0,0,0.01,0
1,1,100.0,1
0,0,0.0,0
0,0,0.0,0
1,1,100.0,1
1,1,99.98,1
0,0,0.02,0
0,0,0.0,0
1,1,99.99,1
1,1,100.0,1
1,1,100.0,1
1,1,100.0,1
1,1,100.0,1
0,0,0.0,0
1,1,100.0,1
0,0,0.0,0
1,1,99.99,1
1,1,99.98,1
1,1,100.0,1
0,0,0.0,0
1,1,99.99,1
1,1,100.0,1
1,1,99.99,1
0,0,0.0,0
1,1,99.99,1
1,1,100.0,1
1,1,100.0,1
0,0,0.0,0
0,0,0.0,0
0,0,0.0,0
1,1,99.99,1
1,1,97.94,1
1,1,99.98,1
1,1,99.99,1
0,0,0.0,0
1,1,100.0,1
1,1,100.0,1
1,1,99.99,1
0,0,0.04,0
0,0,0.01,0
1,1,99.99,1
1,1,99.99,1
0,0,0.0,0
1,1,100.0,1
1,1,100.0,1
1,1,100.0,1
1,1,100.0,1
0,0,0.0,0
1,1,99.99,1
0,0,0.0,0
0,0,0.0,0
1,1,99.7,1
1,1,100.0,1
1,1,99.99,1
1,1,99.91,1
0,0,0.01,0
1,1,100.0,1
0,0,0.0,0
1,1,100.0,1
1,1,99.98,1
1,1,100.0,1
1,1,100.0,1
1,1,99.99,1
0,0,0.0,0
1,1,100.0,1
0,0,0.01,0
1,1,100.0,1
1,1,100.0,1
0,0,0.03,0
1,1,100.0,1
0,0,0.03,0
1,1,100.0,1
0,0,0.0,0
1,1,100.0,1
1,1,100.0,1
0,0,0.0,0
1,1,99.95,1
1,0,46.87,0
1,1,100.0,1
1,1,100.0,1
1,1,100.0,1
1,1,100.0,1
1,1,99.87,1
0,0,0.04,0
0,0,0.01,0
1,1,100.0,1
0,0,0.0,0
0,0,0.01,0
0,0,0.02,0
0,0,0.0,0
0,0,0.11,0
1,1,100.0,1
0,0,0.02,0
1,1,100.0,1
0,0,0.0,0
1,1,100.0,1
1,1,99.71,1
1,1,100.0,1
0,0,0.32,0
0,0,0.0,0
1,1,100.0,1
1,1,99.99,1
0,0,0.0,0
1,1,100.0,1
1,1,99.99,1
0,0,0.0,0
1,1,99.98,1
1,1,100.0,1
1,1,99.81,1
0,0,0.0,0
1,1,100.0,1
0,0,0.01,0
0,0,0.01,0
0,0,0.0,0
1,1,99.99,1
1,1,100.0,1
0,0,0.0,0
0,0,0.0,0
0,0,0.0,0
0,0,0.0,0
1,1,99.97,1
1,1,98.4,1
0,0,0.0,0
0,0,0.0,0
0,0,0.0,0
1,1,100.0,1
0,0,0.0,0
1,1,97.68,1
0,0,0.0,0
1,1,100.0,1
1,1,100.0,1
0,0,0.13,0
1,1,100.0,1
1,1,100.0,1
0,0,0.0,0
0,0,0.2,0
1,1,100.0,1
1,1,100.0,1
0,0,0.01,0
1,1,100.0,1
0,0,0.0,0
1,1,99.99,1
0,0,0.02,0
0,0,0.02,0
0,0,0.01,0
0,0,0.01,0
1,1,99.6,1
0,0,0.01,0
0,0,0.0,0
0,0,0.0,0
0,0,0.01,0
1,1,99.99,1
1,1,100.0,1
1,1,97.67,1
1,1,100.0,1
1,1,99.99,1
0,0,0.02,0
0,0,0.02,0
0,0,0.01,0
1,1,100.0,1
1,1,99.99,1
1,0,1.09,0
1,1,99.99,1
0,0,0.01,0
1,1,100.0,1
0,0,0.0,0
0,0,0.0,0
1,1,99.98,1
1,1,99.98,1
1,1,99.99,1
1,1,100.0,1
1,1,100.0,1
1,1,100.0,1
1,1,99.99,1
1,1,100.0,1
0,0,0.01,0
1,1,100.0,1
1,1,100.0,1
1,1,99.97,1
1,1,99.99,1
0,0,0.27,0
1,1,99.58,1
1,1,100.0,1
0,0,0.02,0
0,0,0.02,0
1,1,100.0,1
1,1,100.0,1
0,0,0.0,0
1,1,99.99,1
0,0,0.0,0
1,1,100.0,1
0,0,0.01,0
1,1,99.99,1
0,0,0.0,0
0,0,0.0,0
0,0,0.0,0
1,1,100.0,1
0,0,0.0,0
0,0,0.0,0
0,0,0.0,0
1,1,100.0,1
1,1,99.88,1
0,0,0.01,0
1,1,100.0,1
1,1,100.0,1
0,0,0.0,0
1,1,99.99,1
0,0,0.0,0
1,1,98.47,1
0,0,0.0,0
0,0,0.01,0
0,0,0.0,0
1,1,99.84,1
0,0,0.0,0
1,1,100.0,1
1,1,100.0,1
0,0,0.0,0
1,1,100.0,1
0,0,0.0,0
0,0,0.01,0
0,0,0.0,0
1,1,100.0,1
1,1,99.79,1
1,1,100.0,1
1,1,100.0,1
0,0,0.0,0
1,1,100.0,1
0,0,0.0,0
0,0,0.01,0
0,0,0.0,0
1,1,100.0,1
1,1,100.0,1
1,1,100.0,1
1,1,99.96,1
1,1,100.0,1
0,0,0.0,0
0,0,0.0,0
1,1,100.0,1
1,1,99.98,1
0,0,0.0,0
0,0,0.0,0
0,0,0.0,0
1,1,100.0,1
1,1,100.0,1
0,0,0.0,0
0,0,0.03,0
0,0,0.0,0
0,0,0.0,0
1,1,99.99,1
1,1,100.0,1
1,1,100.0,1
1,1,100.0,1
1,1,100.0,1
1,1,99.99,1
0,0,0.0,0
1,1,100.0,1
0,0,0.04,0
1,1,100.0,1
0,0,0.02,0
1,1,100.0,1
0,0,0.01,0
0,0,0.0,0
1,1,100.0,1
1,1,99.31,1
1,1,100.0,1
0,0,0.0,0
0,0,0.02,0
0,0,0.08,0
1,1,100.0,1
1,1,99.81,1
0,0,0.0,0
1,1,100.0,1
1,1,100.0,1
1,1,99.98,1
1,1,100.0,1
1,1,100.0,1
0,0,0.02,0
1,1,99.95,1
1,1,100.0,1
1,1,99.96,1
0,0,0.35,0
1,1,100.0,1
0,0,0.0,0
1,1,99.9,1
0,0,0.0,0
1,1,100.0,1
1,1,99.95,1
0,0,0.25,0
0,0,0.0,0
0,0,0.0,0
0,0,0.01,0
0,0,0.0,0
1,1,100.0,1
1,1,100.0,1
0,0,0.01,0
1,1,100.0,1
0,0,0.21,0
1,1,100.0,1
0,0,0.01,0
0,0,0.0,0
1,1,100.0,1
0,0,0.0,0
1,1,99.98,1
0,0,0.0,0
1,1,100.0,1
0,0,0.01,0
1,1,100.0,1
1,1,100.0,1
1,1,100.0,1
0,0,0.0,0
1,1,99.85,1
1,1,99.99,1
1,1,100.0,1
1,1,100.0,1
1,1,99.99,1
1,1,99.99,1
1,1,100.0,1
0,0,0.02,0
0,0,0.04,0
1,1,100.0,1
0,0,0.01,0
0,0,0.0,0
0,0,0.01,0
1,1,100.0,1
1,1,99.99,1
0,0,0.01,0
1,1,100.0,1
0,0,0.0,0
0,0,0.0,0
0,0,0.02,0
1,1,100.0,1
0,0,0.0,0
1,1,100.0,1
1,1,99.86,1
1,1,100.0,1
0,0,0.01,0
0,0,0.0,0
1,1,100.0,1
0,0,0.0,0
0,0,0.03,0
1,1,100.0,1
1,1,100.0,1
1,1,100.0,1
0,0,0.02,0
1,1,100.0,1
1,1,100.0,1
1,1,100.0,1
0,0,0.01,0
0,0,0.01,0
1,1,99.92,1
1,1,99.99,1
0,0,0.0,0
1,1,100.0,1
0,0,0.02,0
0,0,0.0,0
0,0,0.0,0
1,1,100.0,1
0,0,0.0,0
1,1,100.0,1
1,1,99.79,1
0,0,0.0,0
1,1,99.97,1
0,0,0.0,0
1,1,99.95,1
1,1,100.0,1
1,1,100.0,1
0,0,0.05,0
1,1,100.0,1
1,1,99.95,1
1,1,100.0,1
1,1,99.99,1
0,0,0.0,0
1,1,100.0,1
1,1,100.0,1
0,0,0.0,0
1,1,100.0,1
1,1,100.0,1
0,0,0.0,0
0,0,0.0,0
1,1,100.0,1
1,1,99.99,1
1,1,99.15,1
1,1,100.0,1
0,0,7.49,0
1,1,100.0,1
1,1,100.0,1
0,0,0.0,0
1,1,100.0,1
0,0,0.01,0
1,1,99.95,1
1,1,99.99,1
1,1,99.98,1
0,0,0.0,0
1,1,100.0,1
0,0,0.0,0
0,0,0.04,0
0,0,0.0,0
0,1,68.6,1
0,0,0.0,0
0,0,4.22,0
1,1,100.0,1
1,1,100.0,1
0,0,0.0,0
0,0,0.01,0
0,0,0.0,0
0,0,0.0,0
1,1,100.0,1
0,0,0.01,0
1,1,100.0,1
1,1,99.98,1
0,0,0.0,0
1,1,100.0,1
0,0,0.0,0
1,1,99.12,1
0,0,0.04,0
0,0,0.02,0
1,1,100.0,1
0,0,0.0,0
1,1,100.0,1
0,0,0.0,0
0,0,0.01,0
1,1,100.0,1
1,1,100.0,1
1,1,100.0,1
0,0,0.0,0
1,1,97.82,1
0,0,0.0,0
1,1,100.0,1
1,1,100.0,1
1,1,100.0,1
1,1,99.83,1
1,1,99.89,1
1,1,100.0,1
0,0,0.0,0
0,0,0.0,0
0,0,0.0,0
0,0,0.0,0
1,1,88.29,1
0,0,0.0,0
0,0,0.02,0
0,0,0.01,0
0,0,0.01,0
1,1,100.0,1
0,0,0.01,0
1,1,100.0,1
1,1,100.0,1
1,1,99.95,1
1,1,99.99,1
0,0,0.0,0
0,0,0.0,0
1,1,96.81,1
0,0,0.0,0
0,0,0.0,0
0,0,0.0,0
0,0,0.0,0
0,0,0.0,0
1,1,99.96,1
0,0,0.0,0
1,1,87.08,1
0,0,0.0,0
0,0,0.0,0
1,1,100.0,1
1,1,100.0,1
1,1,99.98,1
1,1,100.0,1
0,1,72.35,1
0,0,0.0,0
1,1,100.0,1
0,0,0.0,0
0,0,0.0,0
0,0,0.0,0
1,1,99.94,1
0,0,0.33,0
1,1,100.0,1
1,1,100.0,1
1,1,98.42,1
0,0,0.0,0
0,0,0.0,0
1,1,99.97,1
1,1,100.0,1
1,1,100.0,1
0,0,0.0,0
0,0,0.0,0
1,1,99.99,1
0,0,0.0,0
0,0,0.0,0
0,0,0.0,0
1,1,100.0,1
1,1,100.0,1
1,1,100.0,1
1,1,100.0,1
1,1,99.99,1
0,0,0.0,0
0,0,0.01,0
1,1,99.95,1
1,1,100.0,1
0,0,0.41,0
0,0,0.0,0
1,1,100.0,1
0,0,0.0,0
0,0,0.0,0
0,0,0.02,0
1,1,100.0,1
1,1,99.88,1
1,1,100.0,1
0,0,0.0,0
1,1,100.0,1
1,1,99.99,1
0,0,0.0,0
1,1,99.93,1
0,0,0.0,0
1,1,100.0,1
1,1,99.99,1
1,1,99.78,1
1,1,99.99,1
0,0,0.01,0
1,1,100.0,1
0,0,0.0,0
0,0,0.03,0
0,0,0.0,0
1,1,100.0,1
1,1,100.0,1
1,1,99.94,1
1,1,100.0,1
0,0,0.0,0
1,1,100.0,1
0,0,0.0,0
1,1,99.98,1
1,1,99.96,1
0,0,0.0,0
1,1,99.78,1
1,1,99.99,1
1,1,100.0,1
0,0,0.0,0
1,1,99.98,1
0,0,0.0,0
1,1,100.0,1
1,1,99.98,1
0,0,0.0,0
0,0,0.22,0
0,0,0.0,0
1,1,100.0,1
1,1,99.82,1
0,0,0.25,0
0,0,0.0,0
1,1,100.0,1
0,0,0.0,0
1,1,99.99,1
0,0,0.02,0
1,1,100.0,1
0,0,0.01,0
1,1,100.0,1
1,1,99.99,1
1,1,100.0,1
1,1,99.84,1
0,0,0.0,0
0,0,0.0,0
1,1,100.0,1
0,0,0.0,0
0,0,0.02,0
0,0,0.02,0
1,1,100.0,1
1,1,100.0,1
1,1,100.0,1
1,1,100.0,1
1,1,100.0,1
0,0,0.0,0
1,1,100.0,1
1,1,100.0,1
0,0,0.01,0
1,1,99.85,1
0,0,0.0,0
1,1,99.94,1
1,1,100.0,1
1,1,100.0,1
0,0,0.02,0
1,1,100.0,1
1,1,99.99,1
1,1,99.99,1
0,0,0.08,0
0,0,1.65,0
0,0,0.0,0
1,1,100.0,1
1,1,100.0,1
1,1,99.99,1
1,1,99.98,1
1,1,100.0,1
1,1,99.7,1
1,1,100.0,1
0,0,0.01,0
1,1,99.97,1
0,0,0.0,0
1,1,100.0,1
0,0,0.02,0
1,1,100.0,1
1,1,100.0,1
1,1,99.84,1
1,1,99.98,1
0,0,0.0,0
1,1,99.99,1
0,0,0.0,0
1,1,100.0,1
1,1,99.98,1
0,0,0.03,0
1,1,100.0,1
0,0,0.0,0
0,0,0.01,0
1,1,99.27,1
1,1,99.99,1
1,1,99.92,1
1,1,100.0,1
0,0,0.01,0
1,1,99.99,1
0,0,0.0,0
1,1,100.0,1
0,0,0.09,0
0,0,0.02,0
1,1,99.99,1
1,1,100.0,1
1,1,99.96,1
1,1,99.94,1
0,0,0.0,0
0,0,0.01,0
1,1,100.0,1
0,0,0.03,0
1,1,99.99,1
1,1,100.0,1
0,0,0.04,0
0,0,0.0,0
1,1,100.0,1
0,0,0.0,0
1,1,100.0,1
1,1,100.0,1
1,1,100.0,1
0,0,0.01,0
1,1,99.99,1
0,0,0.0,0
0,0,0.0,0
1,1,100.0,1
1,1,99.99,1
0,0,0.02,0
0,0,0.0,0
1,1,99.78,1
0,0,0.0,0
0,0,0.02,0
0,0,0.0,0
0,0,0.0,0
1,1,100.0,1
1,1,100.0,1
1,1,99.98,1
1,1,99.51,1
1,1,99.2,1
0,0,0.0,0
1,1,100.0,1
1,1,99.99,1
1,1,100.0,1
1,1,100.0,1
1,1,100.0,1
1,1,99.94,1
0,0,0.0,0
1,1,100.0,1
0,0,0.0,0
1,1,99.96,1
1,1,99.98,1
0,0,0.1,0
0,0,0.0,0
1,1,100.0,1
1,1,99.99,1
1,1,100.0,1
0,0,0.04,0
1,1,100.0,1
1,1,99.99,1
0,0,0.02,0
1,1,100.0,1
0,0,0.01,0
0,0,0.0,0
1,1,100.0,1
0,0,0.0,0
1,1,99.99,1
0,0,0.0,0
1,1,100.0,1
0,0,0.0,0
1,1,99.97,1
1,1,100.0,1
0,0,0.01,0
0,0,0.0,0
0,0,0.02,0
0,0,0.0,0
1,1,99.98,1
1,1,100.0,1
0,0,0.05,0
1,1,99.64,1
0,0,0.0,0
0,0,0.0,0
1,1,100.0,1
0,0,0.0,0
0,0,0.0,0
0,0,0.01,0
1,1,95.46,1
0,0,0.0,0
0,0,0.0,0
1,1,99.96,1
1,1,100.0,1
1,1,100.0,1
0,0,0.0,0
0,0,0.0,0
0,0,0.0,0
0,0,0.0,0
0,0,0.06,0
1,1,100.0,1
0,0,0.0,0
0,0,0.02,0
0,0,12.05,0
0,0,0.0,0
1,1,99.98,1
0,0,0.01,0
0,0,0.0,0
0,0,0.01,0
0,0,0.0,0
0,0,0.0,0
0,0,0.0,0
0,0,0.01,0
0,0,0.02,0
0,0,0.0,0
0,0,0.0,0
0,0,0.03,0
1,1,99.97,1
0,0,0.0,0
0,0,0.01,0
1,1,99.99,1
1,1,100.0,1
0,0,0.02,0
0,0,0.1,0
0,0,0.0,0
0,0,0.01,0
0,0,0.01,0
0,0,0.0,0
1,1,99.88,1
0,0,0.0,0
0,0,0.0,0
0,0,0.0,0
1,1,100.0,1
1,1,100.0,1
1,1,99.95,1
0,0,0.0,0
0,0,0.0,0
1,1,100.0,1
0,0,0.0,0
1,1,100.0,1
1,1,100.0,1
0,0,0.0,0
1,1,100.0,1
0,0,0.0,0
0,0,0.02,0
0,0,0.0,0
1,1,100.0,1
1,1,100.0,1
1,1,99.99,1
1,1,100.0,1
1,1,100.0,1
0,0,0.0,0
0,0,0.03,0
0,0,0.0,0
0,0,0.0,0
0,0,0.0,0
1,1,100.0,1
1,1,99.61,1
0,0,0.0,0
0,0,0.02,0
0,0,0.0,0
1,1,100.0,1
1,1,99.98,1
1,1,100.0,1
1,1,100.0,1
1,1,100.0,1
0,0,0.05,0
1,1,99.93,1
0,0,0.0,0
0,0,0.0,0
1,1,100.0,1
1,1,100.0,1
0,0,0.0,0
1,1,100.0,1
1,1,100.0,1
0,0,0.0,0
0,0,0.07,0
0,0,0.0,0
1,1,100.0,1
1,1,100.0,1
1,1,100.0,1
0,0,0.02,0
0,0,0.0,0
0,0,0.01,0
0,0,0.0,0
1,1,99.99,1
0,0,0.0,0
0,0,0.03,0
0,0,0.01,0
1,1,100.0,1
0,0,0.0,0
1,1,99.99,1
0,0,0.02,0
0,0,0.01,0
1,1,100.0,1
1,1,99.99,1
0,0,0.0,0
1,1,100.0,1
1,1,100.0,1
0,0,0.0,0
1,1,100.0,1
1,1,100.0,1
1,1,100.0,1
1,1,100.0,1
1,1,100.0,1
0,0,0.01,0
0,0,0.0,0
0,0,0.01,0
1,1,100.0,1
1,1,100.0,1
1,1,99.97,1
1,1,99.9,1
0,0,0.0,0
1,1,100.0,1
0,0,0.01,0
1,1,99.8,1
0,0,0.02,0
1,1,100.0,1
1,1,99.99,1
1,1,100.0,1
1,1,99.88,1
0,0,0.02,0
1,1,100.0,1
0,1,84.08,1
1,1,100.0,1
0,0,0.01,0
0,0,0.0,0
1,1,99.97,1
0,0,0.0,0
0,0,0.0,0
0,0,0.0,0
1,1,100.0,1
1,1,99.9,1
1,1,100.0,1
0,0,0.0,0
1,1,100.0,1
1,1,100.0,1
0,0,0.01,0
0,0,0.0,0
0,0,0.0,0
1,1,100.0,1
1,1,100.0,1
0,0,0.0,0
1,1,100.0,1
1,1,100.0,1
